https://drive.google.com/a/fbk.eu/uc?id=1mCMlINHHGKY6QFdiq_oWT_sbZhXHX8z3,1
https://drive.google.com/a/fbk.eu/uc?id=10Z0ytt65LNXbwpArYCgRwrav9yAEySTR,2
https://drive.google.com/a/fbk.eu/uc?id=1Nme2PEs6I4xOI4Y3iZ2_tP9TUUMTydRl,3
https://drive.google.com/a/fbk.eu/uc?id=1vph3W6Vgy5Wu7ZIiWh3lrPANZgGDWuTU,4
https://drive.google.com/a/fbk.eu/uc?id=1a4eiMK1_SiPGFN9AYZqiwuIiN3JLz-PH,5
https://drive.google.com/a/fbk.eu/uc?id=1zXglMoEr7l6GWSkcAg7actAAMi4C3qZL,6
https://drive.google.com/a/fbk.eu/uc?id=1mOSiUdhKw0awB7ZqsLuyInIHLsve42XL,7
https://drive.google.com/a/fbk.eu/uc?id=1XOXmxbHNZ9iYkrUAA12IwAXPscSE1BWv,8
https://drive.google.com/a/fbk.eu/uc?id=1TnlSCfpVh65sOk6QD6LcKzBAqtI0R9Ki,9
https://drive.google.com/a/fbk.eu/uc?id=1HIjOTsKTVToSGdkK8JTPX0OTHClCnp3K,10
https://drive.google.com/a/fbk.eu/uc?id=1I9NQqwlX3v4IhRPmAcOf6a1ja5t6igy7,11
https://drive.google.com/a/fbk.eu/uc?id=1y7wec_rCUt77o1DGlFkPWtRlNxDsVTBs,12
https://drive.google.com/a/fbk.eu/uc?id=1qjvXu7Brbh6-RSlVYL0SQVfr41mBUR2Y,13
https://drive.google.com/a/fbk.eu/uc?id=1cSTIXFZ567hwPuWoFZIsOyJlH7Uqi5uP,14
https://drive.google.com/a/fbk.eu/uc?id=1VjiCvsUYqMPdezV9gYDyyTQAevrqWy-i,15
https://drive.google.com/a/fbk.eu/uc?id=1F9BAYciaPrqz8T6M6RfMDRQyeuzCWrVL,16
https://drive.google.com/a/fbk.eu/uc?id=1_Rcaj6EuWSq2u3EF-Mu0i8uTkf1JR-x3,17
https://drive.google.com/a/fbk.eu/uc?id=1K1wE6CoenRR2ewneeWhVpAp2GVzr0BcU,18
https://drive.google.com/a/fbk.eu/uc?id=19NLfsR_dHstjhCoyaYh5doiJVcbTzFfQ,19
https://drive.google.com/a/fbk.eu/uc?id=17zTpfa834v3Kbf7QiGaF-yEr1JubVaCF,20
https://drive.google.com/a/fbk.eu/uc?id=1HJS48QgOL1n1NLZxpCACchYLGnsn0mOe,21
https://drive.google.com/a/fbk.eu/uc?id=13pF86Rzmck0JUSRkaK7TO2b6aK06OgX0,22
https://drive.google.com/a/fbk.eu/uc?id=1MgJ_qXF9P_xS1cVvGoYC6nqaHrx_FYT5,23
https://drive.google.com/a/fbk.eu/uc?id=1IFMSJ_mBeNgsZBk9HkP-sv-yRHTUiYOW,24
https://drive.google.com/a/fbk.eu/uc?id=1nC-9QftF_mHYNAzcQUqEUl_bd6JZd7Qr,25
https://drive.google.com/a/fbk.eu/uc?id=1HmCoGSQshImZdxgc4VKM-ox_Vl-FyssK,26
https://drive.google.com/a/fbk.eu/uc?id=1Vajpd5oazzeXor58ZfS1KmMWoRqeJsR7,27
https://drive.google.com/a/fbk.eu/uc?id=1qCLhjQfHKYs-w-OAzxCKQr8pow756AR3,28
https://drive.google.com/a/fbk.eu/uc?id=1MMJOwNhUsDnXLZuQwwixezt-IVZlK3BN,29
https://drive.google.com/a/fbk.eu/uc?id=1Efx1vCnTHN6KfVvofWnJ6mNPwgvCKWEN,30
https://drive.google.com/a/fbk.eu/uc?id=1zhRtXXLhYQ98B-po-sgdjyLLpGfSwERM,31
https://drive.google.com/a/fbk.eu/uc?id=1rbK5nxkPwHay_JWvPrXK6063YVLVjafJ,32
https://drive.google.com/a/fbk.eu/uc?id=17b_tF-NJETVCA3CjAsHcLu3lUBQTB-Cd,33
https://drive.google.com/a/fbk.eu/uc?id=1tOqGwBXa4B5WihO9_Z9PxexQp8if7DAs,34
https://drive.google.com/a/fbk.eu/uc?id=1PXU2PVRy5TDPpKsELDB4fE6GGU7aJ3Y7,35
https://drive.google.com/a/fbk.eu/uc?id=1S6D7dj92DCzt299ggBKJ18ZzCCyAiQua,36
https://drive.google.com/a/fbk.eu/uc?id=1jbIai-NHDr5V-EyOiMsilMFpmqNVamlp,37
https://drive.google.com/a/fbk.eu/uc?id=1Mvci0LOr9SS8HbwYSxhxG9AHuRWnf2Jo,38
https://drive.google.com/a/fbk.eu/uc?id=1gDrv-yxaAo7o_sUytsv1446s_YCXrQiv,39
https://drive.google.com/a/fbk.eu/uc?id=1vKO-b6BN39Fw72HCltdN7yRDsltY2YZm,40
https://drive.google.com/a/fbk.eu/uc?id=1693ks0sL-taGvNe7NGMfb5SregwKTzKV,41
https://drive.google.com/a/fbk.eu/uc?id=1hUIg4YziMsdd0K1pkR0zuj-UfoWmvDHi,42
https://drive.google.com/a/fbk.eu/uc?id=1FVWBXwtyecsDDgi3N_2ebyM1BjEXJQZz,43
https://drive.google.com/a/fbk.eu/uc?id=1fYBaaAi5ZQgeeBuw2vOq2u8_xP3620pd,44
https://drive.google.com/a/fbk.eu/uc?id=1h_67ZvGXcOB6uD78icp7u2psnld5460x,45
https://drive.google.com/a/fbk.eu/uc?id=1FI-325ZUOsMU2-qqBEsP6AUq2YjH5M8l,46
https://drive.google.com/a/fbk.eu/uc?id=1DXpY3euJABVoJZIKV6EdDMPwmpwWW-SJ,47
https://drive.google.com/a/fbk.eu/uc?id=1DE94DcwZbPS0y-A8qOTKlyLgbnKl0WRl,48
https://drive.google.com/a/fbk.eu/uc?id=1EPnWZvKu-YWJm1KsXWIU8b2MpdpDSmr4,49
https://drive.google.com/a/fbk.eu/uc?id=1xVfPJd_Nz3g-HGsUt3iDM4yK9LYIhskQ,50
https://drive.google.com/a/fbk.eu/uc?id=1W45lERqVpur1ZW4L0w8AwcCHOKpXTDZi,51
https://drive.google.com/a/fbk.eu/uc?id=1oY-4YJLXNI9W-3NdB7jQUyd9huCfhskX,52
https://drive.google.com/a/fbk.eu/uc?id=1zQa2u4C9qwKOrr2dqraQAciREwG_Ld43,53
https://drive.google.com/a/fbk.eu/uc?id=1BfTeAGPmtN6WynjsW6IC9M4m7ZdfNbLS,54
https://drive.google.com/a/fbk.eu/uc?id=1eUPqdQJrLJrO7bNa6-1rsA35GSS4QSlz,55
https://drive.google.com/a/fbk.eu/uc?id=17PmVVKQLJUiKiI75iz_Q5QDmnldOWUUY,56
https://drive.google.com/a/fbk.eu/uc?id=1dZNyDr0nHRHFHKw3izlyugRTQFZYKvq-,57
https://drive.google.com/a/fbk.eu/uc?id=1dukEJZcl0Tr_O9BNGOwJS00Im53uo0jh,58
https://drive.google.com/a/fbk.eu/uc?id=1SthrST4w9PA9mikx7mbiw7XV4hvkps4c,59
https://drive.google.com/a/fbk.eu/uc?id=1cOmuEI6iRzgk-SZ1O9dz1U2kZWW-Kizl,60
https://drive.google.com/a/fbk.eu/uc?id=1djJ86XmfyB7dDjC2ksY1ViLwnkUr_Qk6,61
https://drive.google.com/a/fbk.eu/uc?id=1tHxL7-Qi546VoHW9jT5vLDK3VB4QF19E,62
https://drive.google.com/a/fbk.eu/uc?id=1TAdrHk-cQtow9x4dESaxCuUAw1ubk0MR,63
https://drive.google.com/a/fbk.eu/uc?id=1Y3BB8gDTHC0Raulw6KW6rXUH-WWZD92v,64
https://drive.google.com/a/fbk.eu/uc?id=1MIs49dOn6GLS8notclmZEPhUqoLy4npg,65
https://drive.google.com/a/fbk.eu/uc?id=1LJ0LrGAV4Kgqg4ame8KG13-RcIDw4sDf,66
https://drive.google.com/a/fbk.eu/uc?id=1fSqpaHsnmxzVU0xbi_jbH5OEoO66SVA6,67
https://drive.google.com/a/fbk.eu/uc?id=1e8R1PfUUBD6owTT2hhfFLmrY0cwPPVnN,68
https://drive.google.com/a/fbk.eu/uc?id=1wx8cZsv4Pou-buz2o-hzc7gtKWmNTp6C,69
https://drive.google.com/a/fbk.eu/uc?id=1x9DH-_QJjYlyQcAXRvNrIy1lprfC8K9Q,70
https://drive.google.com/a/fbk.eu/uc?id=1tSEIDac4b60qSM1JryM2r5XzSupdkQyd,71
https://drive.google.com/a/fbk.eu/uc?id=1NRiFxHyJjeTY6wyBCbpk0Xo71V4BJKae,72
https://drive.google.com/a/fbk.eu/uc?id=1EjSoJ0DFEpr7hRz9bsrayFiKD8w9nf6i,73
https://drive.google.com/a/fbk.eu/uc?id=1OH0oU4xkFBSjMwpwjP5rpQoQyQFEaQb6,74
https://drive.google.com/a/fbk.eu/uc?id=1_n3FoXDXPYCDqSG2q06YM4d2dJVwmLMs,75
https://drive.google.com/a/fbk.eu/uc?id=1zaXPNEGQLW2lG5CuF1o5N8O-TCrV15Xf,76
https://drive.google.com/a/fbk.eu/uc?id=14K8iMVO2YZhHPepgwQGOD0hOWTaXiEFk,77
https://drive.google.com/a/fbk.eu/uc?id=1gcmGhLI4D_ojQXna3VYDHC80mSiCvwUr,78
https://drive.google.com/a/fbk.eu/uc?id=1Sm2sBbObM8YWcbPl7Fj5R5Y1NDYipP_H,79
https://drive.google.com/a/fbk.eu/uc?id=1frRJvVVTTNONaHIJy9Ytw9h-ycu9-_DA,80
https://drive.google.com/a/fbk.eu/uc?id=1wQRJRa6AQQHEVsqbHW1Gnnn1cj-TeO2-,81
https://drive.google.com/a/fbk.eu/uc?id=19DaV_ojl2b1SP-C3L3jITG1Q32840WvI,82
https://drive.google.com/a/fbk.eu/uc?id=1XzQwXENP_j-v3VOyVOobKrC3H5r9MRv1,83
https://drive.google.com/a/fbk.eu/uc?id=1C586vEItfiNyttJrylDClo1DF4Fft2Qv,84
https://drive.google.com/a/fbk.eu/uc?id=1GNBjQbDMsLOl13hE7czqHpe4_JgFoVHY,85
https://drive.google.com/a/fbk.eu/uc?id=1pKIzbKj2odXlaAWgnSydKHe2L1uq7ncI,86
https://drive.google.com/a/fbk.eu/uc?id=1L_OhyAKtby5fRqDknGB9xO-bT35C0g0v,87
https://drive.google.com/a/fbk.eu/uc?id=1Xi3RnLRgztNtwOAH097orARpH5MzeqXy,88
https://drive.google.com/a/fbk.eu/uc?id=1rMotRts58TVjQEGMrRUhp8lsea-D18di,89
https://drive.google.com/a/fbk.eu/uc?id=1NgGXv670150pWD7jv45G-Azje3q--2xx,90
https://drive.google.com/a/fbk.eu/uc?id=1yX5g5PX5v5e0DeAZ7sY470sq6TuhWOTv,91
https://drive.google.com/a/fbk.eu/uc?id=1BKVcY2FzcxI3DNlhifHtzYtsgd5hA9X5,92
https://drive.google.com/a/fbk.eu/uc?id=1l-GhrLKIo8N1Mu0tPGODmJfLxK4wHmlf,93
https://drive.google.com/a/fbk.eu/uc?id=1nLVnkSAqGZwCqyCURvcDRsfcd-Zf3ywL,94
https://drive.google.com/a/fbk.eu/uc?id=1LHvC0qnabUwlNCMTVa9LGEZrB55E3zad,95
https://drive.google.com/a/fbk.eu/uc?id=1ikrip_MfykdDgmQzKbSfwbiRKWC_Ldft,96
https://drive.google.com/a/fbk.eu/uc?id=1aVmmjSB0XqIJ_bSSuPVw-oSowvnkOELk,97
https://drive.google.com/a/fbk.eu/uc?id=1PN5Xv7UCEbDXRBHPQIaPYGU158pHZMQj,98
https://drive.google.com/a/fbk.eu/uc?id=1_Az_5iXzjQbeCroTuu8VeItT_jOIEMSB,99
https://drive.google.com/a/fbk.eu/uc?id=1uqwVZ6PIvDoF9d9wVevOhQ4kEQBQtKEj,100
https://drive.google.com/a/fbk.eu/uc?id=1eRcO4LqaOkDsVWNQER69LT6TC7SgY5d0,101
https://drive.google.com/a/fbk.eu/uc?id=1DPcdZj3XnpnJx-sDU4oxTqZvXfsV4Dx8,102
https://drive.google.com/a/fbk.eu/uc?id=1CeAXVn40NMo_xbOn5mKzX_wJn4I2lheF,103
https://drive.google.com/a/fbk.eu/uc?id=1nAdYyi84ByxNzQ9MGngqMJkAh3a5YB26,104
https://drive.google.com/a/fbk.eu/uc?id=18PpUcO_82G9uuRSP3AjS67dQb4Q64Dn7,105
https://drive.google.com/a/fbk.eu/uc?id=1Gg0cNJ56t6uWiglxc94y8gas48ty82dV,106
https://drive.google.com/a/fbk.eu/uc?id=1JjzdRdvpNnw7D1OI3efeq4SvCZK7n9tz,107
https://drive.google.com/a/fbk.eu/uc?id=1gEGTR8P90mBrsmfiQ9s24Je3VdChMtXP,108
https://drive.google.com/a/fbk.eu/uc?id=1iw34r-870H269mASgfmhODB4jlgoEyID,109
https://drive.google.com/a/fbk.eu/uc?id=1PbT6ei_14JqgZeetZYUcOLHy8-drqNkE,110
https://drive.google.com/a/fbk.eu/uc?id=1U6I_DGsj9yxtChOkG5CsZVtps0twRIXt,111
https://drive.google.com/a/fbk.eu/uc?id=1ANhAvfRyJonCaS0wpvqCIVWoiiveEW6L,112
https://drive.google.com/a/fbk.eu/uc?id=1NATnP_Ol7lC1s8Dt4b84DkSK5SQmUyMt,113
https://drive.google.com/a/fbk.eu/uc?id=1UUOuC2HHBayv-KCw029Nr3j_Bs77q0E6,114
https://drive.google.com/a/fbk.eu/uc?id=1WwrVUXGtH6lHv8xbB3BbLMZ-XbkV1DE7,115
https://drive.google.com/a/fbk.eu/uc?id=1GRP588fWKijC0uOMtoxXuWU3tZy3ug_t,116
https://drive.google.com/a/fbk.eu/uc?id=1Q8Vq-xiK7QXLO8NMKVGd4VJ--VWiVGym,117
https://drive.google.com/a/fbk.eu/uc?id=1tVDJzTAuUZbbmQiSB-5pjCg142iwOhqN,118
https://drive.google.com/a/fbk.eu/uc?id=1SmHmh0k6FBxiIG09fbIABtdiEEYV0MWK,119
https://drive.google.com/a/fbk.eu/uc?id=1K1MTvYsKg7kR9Ppt3LzFalK1QI29miGc,120
https://drive.google.com/a/fbk.eu/uc?id=1rFdh_oKhWALMgb8P8JdQ9mvdMlkvJjRT,121
https://drive.google.com/a/fbk.eu/uc?id=1H9nf0aJZs8o6wzJ8Ctep2zBSNQZqypVi,122
https://drive.google.com/a/fbk.eu/uc?id=1oLuCZlOjYPb9g-3yB_Ae2aSdHZ0XGnUv,123
https://drive.google.com/a/fbk.eu/uc?id=1gi5oziJowec37GbLg0OdRzhVzgIBRX9o,124
https://drive.google.com/a/fbk.eu/uc?id=15HX-veR8ktHjJy2sO5MrXWUCAuocCPlT,125
https://drive.google.com/a/fbk.eu/uc?id=1KsksH7TZDpw17vFJiUrlixhNBOsyfHDm,126
https://drive.google.com/a/fbk.eu/uc?id=1Bw68Ut5xr07z8Zw5aWZMCh5RsXnN7VyB,127
https://drive.google.com/a/fbk.eu/uc?id=1bquC8MNAVwnIdJHNFm47fOXpHXt3t5OY,128
https://drive.google.com/a/fbk.eu/uc?id=1iGaFq5QVB-GYRQ-YT4sPhq4ZDXFHFrmw,129
https://drive.google.com/a/fbk.eu/uc?id=1NULIYxXOlXtfXV2qvrhgLbj4yyCxvrXs,130
https://drive.google.com/a/fbk.eu/uc?id=1bqdSXF9uUo0Ef9pJx_dOv7nmlnnH37yD,131
https://drive.google.com/a/fbk.eu/uc?id=1mazD9pgoDb1U82hH3ODYAO4qXj5kBSoi,132
https://drive.google.com/a/fbk.eu/uc?id=1x1Z2Wo6IZ8b9ujX0CJUIOrc5PWiKbNjj,133
https://drive.google.com/a/fbk.eu/uc?id=1hrAsB-gkourFhTVYx6ncM53ZGGEEXZGC,134
https://drive.google.com/a/fbk.eu/uc?id=1dmbvOlXlBDWnv8Jt0tFqIomATP8xwZgA,135
https://drive.google.com/a/fbk.eu/uc?id=1oE_4Fhehv0HtuhrI4UOOoBz-oTQj-8bP,136
https://drive.google.com/a/fbk.eu/uc?id=1KL5l-GPjSClF50dnvlTjQwa6d43kDjwO,137
https://drive.google.com/a/fbk.eu/uc?id=1kGkLBbCd860ljv2PJ0yTqcstYrwJcDFW,138
https://drive.google.com/a/fbk.eu/uc?id=1fNHjm-7khJOny9uhnXVisNMo1KPsoO_Q,139
https://drive.google.com/a/fbk.eu/uc?id=1kEUpUGwOeFIrekJ08pha_gvTEyDbwtRO,140
https://drive.google.com/a/fbk.eu/uc?id=16S5sNaFGEEgV8-1YVgP5N18czxP53h3P,141
https://drive.google.com/a/fbk.eu/uc?id=1uMPpHwd8wZCfQ0xiyEyJO4hT8gz-vc4l,142
https://drive.google.com/a/fbk.eu/uc?id=1Q2UorqzQSWz01VhdMs6byrx397SG0BUg,143
https://drive.google.com/a/fbk.eu/uc?id=1JNdrhNLGBIqUhKgBYkfur2N7rnFKogZO,144
https://drive.google.com/a/fbk.eu/uc?id=1XuPsCordgsOoVYTi6TuYNO2RS5EI5tQj,145
https://drive.google.com/a/fbk.eu/uc?id=1HCxUWSwKCePVrbSuDhz9lbPbEEcBNSEd,146
https://drive.google.com/a/fbk.eu/uc?id=1KW9VkFTs2JQ2uhIQhb0Fa2n3phGSxFqX,147
https://drive.google.com/a/fbk.eu/uc?id=1zmPKnRZDY8mn3fmr_5nUHifz2hptZXeu,148
https://drive.google.com/a/fbk.eu/uc?id=1jT3hnVKVpj-nePLI5X3jGIQJotGWWelI,149
https://drive.google.com/a/fbk.eu/uc?id=1Ed5-RHNUocbPw1hHsF5vDbsFT8bQY2jD,150
https://drive.google.com/a/fbk.eu/uc?id=1-aN9Mr8eF3Q-WDOl2Q7Ptghzit_SB8Dp,151
https://drive.google.com/a/fbk.eu/uc?id=14D7_bzIHfXU0mExWZdlv2Iq4sGIXGJIC,152
https://drive.google.com/a/fbk.eu/uc?id=1KC502r4oqpLinkbcs6krPYYj2FlG60Qm,153
https://drive.google.com/a/fbk.eu/uc?id=1lcar_cfPsKgnntNEFIIzcQuwazcij-3N,154
https://drive.google.com/a/fbk.eu/uc?id=1XdAOQ-BIZYRG1CJXeIT4Bh3ILdtT46do,155
https://drive.google.com/a/fbk.eu/uc?id=1yklRy9KFbmczCI47DdLn1PbsJcrXF9jL,156
https://drive.google.com/a/fbk.eu/uc?id=16swDsRl3vkOLwYhuSmPQX51Xrnbofh53,157
https://drive.google.com/a/fbk.eu/uc?id=1vQCp-SQDZSid_mQyvp33Jp2bAT1zg3B7,158
https://drive.google.com/a/fbk.eu/uc?id=1o3XHcRgItjppFkinmgPvnNT3CLrZlRrj,159
https://drive.google.com/a/fbk.eu/uc?id=1rXnYOrOMPAZo78ymqGKa7Io6TrMFNV5c,160
https://drive.google.com/a/fbk.eu/uc?id=1IVBS007emxQEsykKd2tXVCHRrqvB7iCs,161
https://drive.google.com/a/fbk.eu/uc?id=1uUAj0DL4rJ3eUJDL9MR_cMy3HoLrX_AN,162
https://drive.google.com/a/fbk.eu/uc?id=1HcyzpARPzfaoCrFrnOVwFfOFpcXS1DJO,163
https://drive.google.com/a/fbk.eu/uc?id=1XhvXEboszwnvbWCFTGdJ_sUDwHuAbFrP,164
https://drive.google.com/a/fbk.eu/uc?id=1e4uDJGh4osrNecze36nfM8YD6Fy3zKet,165
https://drive.google.com/a/fbk.eu/uc?id=1F2N2IjAgHxPX0EQbMn6ublG4plGBb9cW,166
https://drive.google.com/a/fbk.eu/uc?id=1P7PxokkWmN-jiRQaCdGCT30mZXv8xcwS,167
https://drive.google.com/a/fbk.eu/uc?id=10NPa3qTYwMzAgaPnIOdnyheN8b6q3OO3,168
https://drive.google.com/a/fbk.eu/uc?id=1Po4Y_x4IxlflEGMhDMqSezvOUmMHksVf,169
https://drive.google.com/a/fbk.eu/uc?id=1x7SP6YoK1Y1t-dTQYLHYcAqDjbZezhMJ,170
https://drive.google.com/a/fbk.eu/uc?id=1EI99LCkLUC432DGWSztdWnvfO_uvX7vA,171
https://drive.google.com/a/fbk.eu/uc?id=18Ut0PiE_qgZ0J_qqRmkLTPmJbXBE3azK,172
https://drive.google.com/a/fbk.eu/uc?id=1UJmXEkw3sQ3mky3dvpblH9Y5Hj1XTJka,173
https://drive.google.com/a/fbk.eu/uc?id=1-0jduTuervDCuEvc7PuZ4cqP4SQ2kuVB,174
https://drive.google.com/a/fbk.eu/uc?id=1W_gSS9hjPlbDG4uenGsN_XOQRqFAJq9-,175
https://drive.google.com/a/fbk.eu/uc?id=1t61ggDjuI39TSXTidpLludBN9ta0bk-3,176
https://drive.google.com/a/fbk.eu/uc?id=13VuStDxbK16oog6f2L7BXHukToJbKUqc,177
https://drive.google.com/a/fbk.eu/uc?id=1sTCTluwK0fdlmxU4VCR6XvP5-FNY6ulD,178
https://drive.google.com/a/fbk.eu/uc?id=179JMMCk1CzkoEsrF2Po1OyFdkAaifQBe,179
https://drive.google.com/a/fbk.eu/uc?id=1gMt0-jipItCA-bAVgJmpzsQONtVENS6E,180
https://drive.google.com/a/fbk.eu/uc?id=1vPNWbRm8bH4liknSTf21Yrnq-rnbWbaN,181
https://drive.google.com/a/fbk.eu/uc?id=1JrupkcS7O-XIPQOd-YRFf1S1LVrcckzk,182
https://drive.google.com/a/fbk.eu/uc?id=1BX8FTWeE2imPeD9vaCInnaWtuK1WBFNY,183
https://drive.google.com/a/fbk.eu/uc?id=1RB4Oib8sfDj-VmHuDzIMRwGqZ35pZQAb,184
https://drive.google.com/a/fbk.eu/uc?id=1xy5KTsP1b9e7GzP3nwoRnZZfXD0awv1L,185
https://drive.google.com/a/fbk.eu/uc?id=1dpuHoZxnqNDO-p-oMFuZInlczUV925jP,186
https://drive.google.com/a/fbk.eu/uc?id=1CO-Tb1kelTcOMzbc4wYYdYNYPDWbHUn_,187
https://drive.google.com/a/fbk.eu/uc?id=1Gt7nN7ktcOJcF93WndB2DVVEZO-TrE9v,188
https://drive.google.com/a/fbk.eu/uc?id=1cB9YsLzjKY4YA_lrd01RYoLYkPRWEhG5,189
https://drive.google.com/a/fbk.eu/uc?id=1gx3iWtil9_DXXqsXD9p8hJaCcPlk6Bp3,190
https://drive.google.com/a/fbk.eu/uc?id=1I-EkyCF6WnG_Tz0XU_Jwh2TjNvULslCK,191
https://drive.google.com/a/fbk.eu/uc?id=17yiF4pRpQerIAglp18WFNagOimjP9iBi,192
https://drive.google.com/a/fbk.eu/uc?id=1migMi0yM0Mir6BYtAfnZi9sfdvPFd8lY,193
https://drive.google.com/a/fbk.eu/uc?id=1XcvOh7e4IXU-pPwl8qWkPRjauvBKKnpf,194
https://drive.google.com/a/fbk.eu/uc?id=15l1aEdHCxygkLGNkI5ouQTn4po8bWHuN,195
https://drive.google.com/a/fbk.eu/uc?id=14Z6sjTdkjX1YFA9UjxLCElLpXLg3sGTY,196
https://drive.google.com/a/fbk.eu/uc?id=1kkQGtAT8qvJ_wfIFgGazpMjlb5WKfKxi,197
https://drive.google.com/a/fbk.eu/uc?id=19euhnUHY-HGsO5jpiD1j-ZZGnKy9RlQg,198
https://drive.google.com/a/fbk.eu/uc?id=1TFTFLd6mDUFOVX_amRUU9ag-GqCDs4ak,199
https://drive.google.com/a/fbk.eu/uc?id=1tzCzGqh5v--OmEMnmY49Rs-czmYSRqAQ,200
https://drive.google.com/a/fbk.eu/uc?id=1OxDRRuMF6Hx619D8KteYGXfGeOrwCkkp,201
https://drive.google.com/a/fbk.eu/uc?id=1eMu21pQ2tE5Fjn8DEt8ZZiDAOn46Yjcc,202
https://drive.google.com/a/fbk.eu/uc?id=1NvYfZwW3YGdryyIQWfzhV5P-5kuHnAwS,203
https://drive.google.com/a/fbk.eu/uc?id=1VOEYojJA5qBqFPOnS6uj2fEtfjsSPEmp,204
https://drive.google.com/a/fbk.eu/uc?id=1pLa9Ntic0sj47OoP95qAPDSsPtCDBXil,205
https://drive.google.com/a/fbk.eu/uc?id=1uaztP_r7gZFwdjFyRueKE1VknOow7l6S,206
https://drive.google.com/a/fbk.eu/uc?id=1RpkZpaj5qP9o5UdT9ObqIMJZH117tiU3,207
https://drive.google.com/a/fbk.eu/uc?id=1ZgLrRCPDCt95OMCw3GDoaULFpC3mMt46,208
https://drive.google.com/a/fbk.eu/uc?id=1qbmmhVvjB2_Irba89F1bW2NTdsLenUZc,209
https://drive.google.com/a/fbk.eu/uc?id=1REEY7DpB_XerFttIo3JZAmAksZHj6Nto,210
https://drive.google.com/a/fbk.eu/uc?id=1Bi-PbFoqK32QRNaQrlXnP3Kwwe6M6lVi,211
https://drive.google.com/a/fbk.eu/uc?id=1UpfHXOxu-q_wROaxoHWrVzr8FDbUuk7a,212
https://drive.google.com/a/fbk.eu/uc?id=1trshlVgaifE_W_KUIB1YpdV7yLo4d2fb,213
https://drive.google.com/a/fbk.eu/uc?id=1VkTmxa-Qkqg6sFndF6yBOCeqDkU6gnj_,214
https://drive.google.com/a/fbk.eu/uc?id=1R6GBC7ByDKPzW4-V6k-jyGcED_J92kkS,215
https://drive.google.com/a/fbk.eu/uc?id=1jTLKhTlOSoD-ssRGq1_0kOEoeFfhrMac,216
https://drive.google.com/a/fbk.eu/uc?id=1f4TVcMs3SQIR9mzzG37TwjfkTanVm_TN,217
https://drive.google.com/a/fbk.eu/uc?id=1fe5qnH2EY1fuzPojoy52FnKFnjU0fZOS,218
https://drive.google.com/a/fbk.eu/uc?id=1l6Tjkxp_EYTik-glUy9xOYKUrHeoEhjy,219
https://drive.google.com/a/fbk.eu/uc?id=1BKt6uymSPAocT2t7r7if710S2O0sI-iW,220
https://drive.google.com/a/fbk.eu/uc?id=1RnZTh-0L1DynUiVyWJpVxoMAy2m79raU,221
https://drive.google.com/a/fbk.eu/uc?id=1tmzCY8UoGzRE-tzv7qDGA9bJ0EXqXGbO,222
https://drive.google.com/a/fbk.eu/uc?id=1B5_Gr2gmGqa3rMslbLzWrAsQAU-252hL,223
https://drive.google.com/a/fbk.eu/uc?id=1p2TCSymMrJCqW099iLwkYvpa3QmQ0E8g,224
https://drive.google.com/a/fbk.eu/uc?id=1TYUp23XLkB4usNLRMjxNPs14QouMb6vU,225
https://drive.google.com/a/fbk.eu/uc?id=1kVkvA_DqgfQ3BnA3wa_A3EY1qcdCfa0R,226
https://drive.google.com/a/fbk.eu/uc?id=1DNw-L3d710q15Y3om3KNHMDEog3iHe9T,227
https://drive.google.com/a/fbk.eu/uc?id=1ceIh0Ep5mbCLrhGToCshUurxyyxVQgRx,228
https://drive.google.com/a/fbk.eu/uc?id=1WdcaO3voQUS8kj93f1tSXim5d5qqc70h,229
https://drive.google.com/a/fbk.eu/uc?id=19ecX0q85VZBPjz_Ta-E8X7xG_VUqEYDZ,230
https://drive.google.com/a/fbk.eu/uc?id=1Ple3NT4uULbkQ86WvJmHSrpZ_a5kETlb,231
https://drive.google.com/a/fbk.eu/uc?id=1q_5zhcmtPkBDQgtGFYUk-_7LZaEbrkVY,232
https://drive.google.com/a/fbk.eu/uc?id=130B7v-XH7KHavvdN0sh0NtFkvx464AGe,233
https://drive.google.com/a/fbk.eu/uc?id=1JuvkqrcnzO-rKMrYzzMP_czq4wY5veHW,234
https://drive.google.com/a/fbk.eu/uc?id=1Q7FTI7qbThcCnUGcn1WnH6GzYgwqwqnh,235
https://drive.google.com/a/fbk.eu/uc?id=1Q57KX7tiO3UNAIsXwC3FrCT0pSPQoeL-,236
https://drive.google.com/a/fbk.eu/uc?id=1xaO3zBeJ212JKxDKaZuhCDxFquGYW7Jo,237
https://drive.google.com/a/fbk.eu/uc?id=1LSmucAe4mp9ciOTNTR_6kcYOlr0bW2Yv,238
https://drive.google.com/a/fbk.eu/uc?id=1z5hkBMSSa4PhWSCcNnD_xRK4vXWDgzgs,239
https://drive.google.com/a/fbk.eu/uc?id=1-LDFEEQgmEA7dH_Rcl87WQyHr1tuZPGJ,240
https://drive.google.com/a/fbk.eu/uc?id=1XbAmWU8b_RdJRDkbzxft6Rp17Xi35HbF,241
https://drive.google.com/a/fbk.eu/uc?id=1S7cw_nnOkyiDENwGO64eAIwhN538Pbab,242
https://drive.google.com/a/fbk.eu/uc?id=1JRTfqWY0KBeSMOMlkAh_L_O1cx3M4rtv,243
https://drive.google.com/a/fbk.eu/uc?id=1jSp25meI2OsaRjgr9untDEYDWDfZ9cpW,244
https://drive.google.com/a/fbk.eu/uc?id=1MZ3rG4aB6GoD5XnhITjNguYxa6XWngKx,245
https://drive.google.com/a/fbk.eu/uc?id=1KEL3ZE5KXHBciQWdaKrXPQmS6QFFu4G0,246
https://drive.google.com/a/fbk.eu/uc?id=15ZAYRv5Cv27eAC5SPFPt0fgC9-elOVgN,247
https://drive.google.com/a/fbk.eu/uc?id=1_QH1kjlxpqvNTR3zWtZF_HZ2ycmRt1C0,248
https://drive.google.com/a/fbk.eu/uc?id=1oe_nruc8bKSLyGdCYLs1cPOKAW8wa0LA,249
https://drive.google.com/a/fbk.eu/uc?id=1Iuz0pDZAzrfQrGGV4Z62pqfpeUlXqV-X,250
https://drive.google.com/a/fbk.eu/uc?id=1MkSw57tUuQdIjEhMjMSNiz16yN_6Btj3,251
https://drive.google.com/a/fbk.eu/uc?id=1MzASzthfUz9-M5NbUVeg51zuv5p94Z5D,252
https://drive.google.com/a/fbk.eu/uc?id=12vDpuvONyeZSZ5jOv4J2sZ1Mg34r_y_N,253
https://drive.google.com/a/fbk.eu/uc?id=1mDt1P-q9QqmPLWfYcWG--BYXohBxeehM,254
https://drive.google.com/a/fbk.eu/uc?id=18j9hVZA9j9ifOnDHP0zXc8atWKN0mBPe,255
https://drive.google.com/a/fbk.eu/uc?id=1N0lY34toqZI1hdwE7Hya70g4mkdzaaQF,256
https://drive.google.com/a/fbk.eu/uc?id=1-1pv-zwuko2FpFrDWe6-ooScB9pnJi07,257
https://drive.google.com/a/fbk.eu/uc?id=1CjBF2GDfYzwTiSqZUefK7twM_wRxWrPB,258
https://drive.google.com/a/fbk.eu/uc?id=1fjV-lMiPTBSGs3xh4MuvSJog_reh5qzp,259
https://drive.google.com/a/fbk.eu/uc?id=1EqdOa5UfAUu5cNwA7aOI-_Ehbl0RBGWo,260
https://drive.google.com/a/fbk.eu/uc?id=1_9Q7XiSxHazYMH2Lqp9XelqWRlxp0L-q,261
https://drive.google.com/a/fbk.eu/uc?id=1VBNYr7GW1a4UjWRAyAz7XCNxmpYH7PW_,262
https://drive.google.com/a/fbk.eu/uc?id=1bT4Ggud_t74lXU3hnPpp9F_OldS5GowF,263
https://drive.google.com/a/fbk.eu/uc?id=1PgHTsgh9aBDC8a4MR32-Rid4K2H7jBM7,264
https://drive.google.com/a/fbk.eu/uc?id=1lupXN151uhtiD-afEmxjvOi2J0qExIQx,265
https://drive.google.com/a/fbk.eu/uc?id=1fzNpjtBfhTdtgrZTnl5NfTMYAkceCYBy,266
https://drive.google.com/a/fbk.eu/uc?id=1bsmZ8k4rI5NK0UHf2p6-AS6maLlie79A,267
https://drive.google.com/a/fbk.eu/uc?id=1Uml84zeTQQf564KWMFh3jNIploNV1hlB,268
https://drive.google.com/a/fbk.eu/uc?id=12W6TsgDOA2AVAxGQd8-LZ0P5-jytJBUT,269
https://drive.google.com/a/fbk.eu/uc?id=1alNzl34Wof4tEOvRn94fAIVoGRhTp8s6,270
https://drive.google.com/a/fbk.eu/uc?id=1m9o5-noGh_1m_jsNOvSfzSV0kqUa7aJZ,271
https://drive.google.com/a/fbk.eu/uc?id=1JONzDHuf0OwIGQPfXykdiUxIogzhsrsd,272
https://drive.google.com/a/fbk.eu/uc?id=1YhOXZixVBBpacgQ82740hBYtTl80vEUg,273
https://drive.google.com/a/fbk.eu/uc?id=1nvi98Ndl4zwjwGSOWCW5Jjpbk-aNIbSc,274
https://drive.google.com/a/fbk.eu/uc?id=1z69ooS0T8F9z3B-cBysNz2GSaVRAAK8i,275
https://drive.google.com/a/fbk.eu/uc?id=1OnqZbA2Ld7akIBDXTKyxfRRciHqEqvG-,276
https://drive.google.com/a/fbk.eu/uc?id=1logcN0BmHyN78b4LBjwmwPD1ORY9z9R9,277
https://drive.google.com/a/fbk.eu/uc?id=1YC7Wn6fO8_HaZV-N3qt8eYZQF5jofuI0,278
https://drive.google.com/a/fbk.eu/uc?id=1hlvg50WSyIxkLYzViY9akhIuwxP1Fpd1,279
https://drive.google.com/a/fbk.eu/uc?id=1_V9U1TFxucW7LHgS__hJLz7G3xahNIMF,280
https://drive.google.com/a/fbk.eu/uc?id=1ZD95xqybbAJyVnTwGhxTIHfSlp86SiDa,281
https://drive.google.com/a/fbk.eu/uc?id=108ZA7-KKPatUVYFx5_Kr-BtHczhYoAqE,282
https://drive.google.com/a/fbk.eu/uc?id=1hWdp2a9sK44ohIltPs_g4bZ1V7ZBnFhz,283
https://drive.google.com/a/fbk.eu/uc?id=1bpMiVVR43-4oCEDIxweOJvRDe-Ndny2l,284
https://drive.google.com/a/fbk.eu/uc?id=18Jcfg_SxTV8wG_GPGclNUYLioL1FHyzx,285
https://drive.google.com/a/fbk.eu/uc?id=1cpFghedKMKADyFItAAVHW7YMlBz_vZn1,286
https://drive.google.com/a/fbk.eu/uc?id=1c0VCIcJgWaIf7nrzOBsHNUC8bmS4hE6Y,287
https://drive.google.com/a/fbk.eu/uc?id=1hlkXqvE1kz1x4ft3TF9Zl-TvSR8XLPXp,288
https://drive.google.com/a/fbk.eu/uc?id=183EcfvVh6spjFTd1eZrDfr8-0h1LU9j6,289
https://drive.google.com/a/fbk.eu/uc?id=1WKRXF6jboEooA1cHvn_dEhsHh8edOY_9,290
https://drive.google.com/a/fbk.eu/uc?id=1GOgQAcjOiJwMGEUnSwM9n26n19021YX_,291
https://drive.google.com/a/fbk.eu/uc?id=1ZeMAenuD9JuYYJyB0_g0Zb-gebmBN1qU,292
https://drive.google.com/a/fbk.eu/uc?id=1YvQJA3v_55j9szdBeBFpdvweyvcEEhHW,293
https://drive.google.com/a/fbk.eu/uc?id=1rUImS_1RtHceFmOPMpE3lU3bcDLzMUnq,294
https://drive.google.com/a/fbk.eu/uc?id=1RLntvL-dMFrlIKjeRI96YQYmTLNMPbXy,295
https://drive.google.com/a/fbk.eu/uc?id=1c0wHDCcVl6dTSl_NUnDLsPwZi3DzO1FR,296
https://drive.google.com/a/fbk.eu/uc?id=1opYVNCeEUT5-G7TYWzEqenqWVv_d_C_C,297
https://drive.google.com/a/fbk.eu/uc?id=1PwJCDqyhCYPUmatRvJSWY6pyYKtP2D6U,298
https://drive.google.com/a/fbk.eu/uc?id=1SnXt_uZyo3MjZrXZ0IPXKsXAjMxTkCqk,299
https://drive.google.com/a/fbk.eu/uc?id=1RUHqkLRFYm_jn4G7qIcB5C5WY-aoCCLX,300
https://drive.google.com/a/fbk.eu/uc?id=123Ycl3EWReMKGCOgv6nOd0hCd1y_HkDE,301
https://drive.google.com/a/fbk.eu/uc?id=1x8R12tsgJbBX3k42mCoHzmCWhZ4fDjtW,302
https://drive.google.com/a/fbk.eu/uc?id=13J-TjV76G2GJVr-QXEYsDVX2BwFWq5xN,303
https://drive.google.com/a/fbk.eu/uc?id=1k2kGzQCz-lm_ZdiqjVQ6Q2KAWWI8MGEv,304
https://drive.google.com/a/fbk.eu/uc?id=1dBxd1kMBqpbci7V5wLVgUYNIA2dNPGkL,305
https://drive.google.com/a/fbk.eu/uc?id=15SKHLv9AH0xTShWUaapUCkpKB7jGa6wa,306
https://drive.google.com/a/fbk.eu/uc?id=1AqsrzTO6BZkP-u63DhJ_GJR0ylaj3oHg,307
https://drive.google.com/a/fbk.eu/uc?id=1fNgl9IhTEodVfK1NiqAPldXWEN0v_lbu,308
https://drive.google.com/a/fbk.eu/uc?id=1LQNrs72iyx5E6ncNL9LdcF7OMYA4hv2b,309
https://drive.google.com/a/fbk.eu/uc?id=1mnG-J87q4M46gCKWQH-E8Hwgq-pkLiKG,310
https://drive.google.com/a/fbk.eu/uc?id=1FhaPd9TOI6imQI_dtCdYUC5rmT8VkUOQ,311
https://drive.google.com/a/fbk.eu/uc?id=17gjCKiIlrL8CisoBu9vaUVt0lictcpEo,312
https://drive.google.com/a/fbk.eu/uc?id=1BVEh6jRvM1yBd1CUwIFkyofeeE_hqEoR,313
https://drive.google.com/a/fbk.eu/uc?id=1SXw1aomUYthvOWL_BNZTrfZ87ZcUGs_S,314
https://drive.google.com/a/fbk.eu/uc?id=1pQ0uqqwNynDjoqMJ5eXIqy9mIJzkSTJI,315
https://drive.google.com/a/fbk.eu/uc?id=1CntYXlEW0kSshAjNJ5KxZaKyx0qWMnyb,316
https://drive.google.com/a/fbk.eu/uc?id=1p_mhoVvku7YYseUXSLAE8rXwi6IeDd2s,317
https://drive.google.com/a/fbk.eu/uc?id=1zwhXnXMUcusyid8voOgGaZ091j9cmBhF,318
https://drive.google.com/a/fbk.eu/uc?id=1vbSvMLB6hh2705HeBwKjXonRM3Am_MG1,319
https://drive.google.com/a/fbk.eu/uc?id=1q2oI5JZmk5PWpGReerpEWBlISOi2RjNf,320
https://drive.google.com/a/fbk.eu/uc?id=1BHrEkDGQ7MkOaG7VFkYZtk_OzJfZcWHx,321
https://drive.google.com/a/fbk.eu/uc?id=1_Y-y1KZW-_7FryZyshKocOLrYVBANLWy,322
https://drive.google.com/a/fbk.eu/uc?id=1Unb4ecmyQe9QBXExKRDgjBRVUUSqiVTT,323
https://drive.google.com/a/fbk.eu/uc?id=1NkxFh5tp-HMnIH8u0kIlr9cST6b9jP9E,324
https://drive.google.com/a/fbk.eu/uc?id=1q1wLvR-iZ3IsANnt83G0x4LxK7KT_unp,325
https://drive.google.com/a/fbk.eu/uc?id=1gDfCSl0n3a1kJFRcV8h9Wm0xeS6AHjTE,326
https://drive.google.com/a/fbk.eu/uc?id=1I9c4Zu7A_kJwRWd4Pg6VS9zZbm3ism-f,327
https://drive.google.com/a/fbk.eu/uc?id=1zbWxfhTj2usTgX18kGwVkoaRzC8XP-9o,328
https://drive.google.com/a/fbk.eu/uc?id=1hzg8588HZttgMRCzBJpSOhnVueNyiSGL,329
https://drive.google.com/a/fbk.eu/uc?id=19cZlGgPz_fQPD4F9hCA-QzDRevWVaKQK,330
https://drive.google.com/a/fbk.eu/uc?id=1LTyHB5SMljKFBO1aTKGxaQJvtbRPoPB6,331
https://drive.google.com/a/fbk.eu/uc?id=1DFPfsPiNVNKIZ6YglEyJ3u_hCKoRvN_q,332
https://drive.google.com/a/fbk.eu/uc?id=18Fp9bUbiZLJqpF7pmuEQ482WNudjJ-jW,333
https://drive.google.com/a/fbk.eu/uc?id=1swje__dmbQifkqEvVMCJ5UqBWeaiFk9C,334
https://drive.google.com/a/fbk.eu/uc?id=1fOmJBI-agam7tPvw5wagcPsyAhZ7HtFr,335
https://drive.google.com/a/fbk.eu/uc?id=1q891HaNMmp9x8GpBCVjO2sotxll5TDSa,336
https://drive.google.com/a/fbk.eu/uc?id=1VBJMWcyU4Whmh3GBASLyUq21Gh4lAZVh,337
https://drive.google.com/a/fbk.eu/uc?id=1uHZYottkT2tCBgzqGpfUbVzeXPB-nuo1,338
https://drive.google.com/a/fbk.eu/uc?id=1oMiwPCh1Uwc_r9UIeBisVctb1TtvVm7d,339
https://drive.google.com/a/fbk.eu/uc?id=1z8XWg8lgpjMoa_UAdtcrSJhN_DBnrFFF,340
https://drive.google.com/a/fbk.eu/uc?id=1NOCG_a31pknlF5TKljDwi-RklpxtQQEr,341
https://drive.google.com/a/fbk.eu/uc?id=18dETWCaQG7OLloMMoR0p99tcEyIG8_7x,342
https://drive.google.com/a/fbk.eu/uc?id=1kig_YFGQ-f3tlZBTL06lz6JN-KJ-h7ya,343
https://drive.google.com/a/fbk.eu/uc?id=12sRQGrZnv6M-5u-hAn-rwB72nevLacjy,344
https://drive.google.com/a/fbk.eu/uc?id=1qQLxBvJuzLhQsjTGj4ZHBtDW62u2ZVsH,345
https://drive.google.com/a/fbk.eu/uc?id=1Vlyt8C7S9mC6IQ5WemuUhX61WaGCn7A5,346
https://drive.google.com/a/fbk.eu/uc?id=1gknBD3z7WqhLuYo6fI0ptyqLZH4hye1E,347
https://drive.google.com/a/fbk.eu/uc?id=1ks-ntRNqxw43N4WFrLLkNgQp62Aalpsw,348
https://drive.google.com/a/fbk.eu/uc?id=1epdleb4oBhL0N6ewUsTlc1_AGLYnvifK,349
https://drive.google.com/a/fbk.eu/uc?id=1yhoeCVJMdQIyJqmST_gYUuJt4eL_bFAz,350
https://drive.google.com/a/fbk.eu/uc?id=11ssusTbY7o1JNh8TKynTGZ43Oe3aV_TW,351
https://drive.google.com/a/fbk.eu/uc?id=1Fa9ZLSHlZ31-gRX1cdracJiPwoVINbzE,352
https://drive.google.com/a/fbk.eu/uc?id=17uol_neXGeZEdjhlwZSHTuoePsVmJney,353
https://drive.google.com/a/fbk.eu/uc?id=1Yg9YuZFhyCK_zWOqXmjVsWlPjq16FT-Q,354
https://drive.google.com/a/fbk.eu/uc?id=1P_2OpbDuMc8VOsvYMlp9UR7dJ3B1RZPP,355
https://drive.google.com/a/fbk.eu/uc?id=1knUEGIZ4CN-XTxpFtU9VteJUP6dtqCl_,356
https://drive.google.com/a/fbk.eu/uc?id=1MV_e0wYSiLi_VTMktecbLqum-qeL-mOv,357
https://drive.google.com/a/fbk.eu/uc?id=12PR3Ji8Q0ZP8AbZPpUOAYeS4nCiINg9N,358
https://drive.google.com/a/fbk.eu/uc?id=1-6pkodHDTRhQ6kPsL4tTRVtv5V95Ey7O,359
https://drive.google.com/a/fbk.eu/uc?id=17TlRt58Bt5aURNMVb1DeDRlGqQ3LlDBK,360
https://drive.google.com/a/fbk.eu/uc?id=1qXcx8zlDB1weHMUlp7NoaEovUGzDimQf,361
https://drive.google.com/a/fbk.eu/uc?id=1qr0o_y4DeKGmaQobnXGvVPTltNEfwGvo,362
https://drive.google.com/a/fbk.eu/uc?id=1n8cWbv7CTHmzCPtyc6IobCsg18MLBX3p,363
https://drive.google.com/a/fbk.eu/uc?id=1Kwyyz5G68lk0W2C4srUVW__aqMeILfz-,364
https://drive.google.com/a/fbk.eu/uc?id=1vX6jvmjVhJHHxevJiG3uQ1le665XZdbV,365
https://drive.google.com/a/fbk.eu/uc?id=1hW6ueCzorlJ3yfzL60BVkwBo3A4ky7zP,366
https://drive.google.com/a/fbk.eu/uc?id=1KyB1O4eMEWgYketMJB-1CjfaxUlpsqXd,367
https://drive.google.com/a/fbk.eu/uc?id=1Unq6siDva5UbtXOKZsnBXjTQ3mI5JbxD,368
https://drive.google.com/a/fbk.eu/uc?id=1R-L2vki2vYe_nx_K5K2eZWnZOHLqjP7x,369
https://drive.google.com/a/fbk.eu/uc?id=1U7w_lfj7MBoIRmb5ejh8-7wzfqV2X6cY,370
https://drive.google.com/a/fbk.eu/uc?id=1PB6vmq5peINByexQ6Ibp6Mcf8l_O1D1t,371
https://drive.google.com/a/fbk.eu/uc?id=1QvpspsSoGgNSfRPldb1myjGDSplgwncW,372
https://drive.google.com/a/fbk.eu/uc?id=1SsxiJTMw5NZmiXHLxO3Me-fPaPznAp_V,373
https://drive.google.com/a/fbk.eu/uc?id=1EdsnoYx0zUsdjWHovDWqSdQRxVI__8ya,374
https://drive.google.com/a/fbk.eu/uc?id=10QANCSRDtJB3loU-6fMfjV8Ry7l2nHBL,375
https://drive.google.com/a/fbk.eu/uc?id=14SFapn-isjiSeGqWTE2m-F45T3aQplpG,376
https://drive.google.com/a/fbk.eu/uc?id=1H6ydYB9QEmoVvdCfpfXqvNHxtlYQQiuT,377
https://drive.google.com/a/fbk.eu/uc?id=1InFBxq9UTCYc8BdPrbBTPPQjh-FPm3pK,378
https://drive.google.com/a/fbk.eu/uc?id=1IgPBDAZSeSmNuDv68o3Pgf3XYqlB0xJd,379
https://drive.google.com/a/fbk.eu/uc?id=1v3MZ3PivsiOhtjRKonEVzuxK_zFBMx4q,380
https://drive.google.com/a/fbk.eu/uc?id=1_ybJ6gB-UsQubpEZVXLx07OVoFXIWcNr,381
https://drive.google.com/a/fbk.eu/uc?id=1-3ueQWJxlrNPynx8aLIaDCuB4T_o01Qy,382
https://drive.google.com/a/fbk.eu/uc?id=1Y0aYQnkwH8eYhVVI6eME_tnV0YqfrP5c,383
https://drive.google.com/a/fbk.eu/uc?id=1rNyjeP-cKpYyqBFapUtiMYLjE82piZXH,384
https://drive.google.com/a/fbk.eu/uc?id=1cwYtnMA6ZkzVB0fJaD23ulT32WN-0aaB,385
https://drive.google.com/a/fbk.eu/uc?id=1TNz57RkZxTAqTRRYaJFhG1oARB9-cZDH,386
https://drive.google.com/a/fbk.eu/uc?id=1hbAARy39HgLh1kV3icIhSL2115e4l7mc,387
https://drive.google.com/a/fbk.eu/uc?id=1URMEJtzqiIEUmL-vhe0T0c0hUl2QTBTA,388
https://drive.google.com/a/fbk.eu/uc?id=1DeEOJd4YTRMn1DcUQAZ7wjs5ba9pLRc3,389
https://drive.google.com/a/fbk.eu/uc?id=1dCf9CK_EckWSFJF62ZRPgAOiDRPlN_lg,390
https://drive.google.com/a/fbk.eu/uc?id=1obnNu839BsC0wEnJG_AmjvTQF3NMDJiz,391
https://drive.google.com/a/fbk.eu/uc?id=1FhpaDILVM7BUCwqfOEk9GAsrCG28R3kC,392
https://drive.google.com/a/fbk.eu/uc?id=1_xs0qeuc5TLD2lruyZP8the679bxRfNS,393
https://drive.google.com/a/fbk.eu/uc?id=1r9x_PoXxmMFOlMUQNsha49DqMyusl1YN,394
https://drive.google.com/a/fbk.eu/uc?id=1O5Q7fUEjdmFd0I7_3e-1qpa3xrRPzhQl,395
https://drive.google.com/a/fbk.eu/uc?id=1ocZhkCBV7bCFZJ7YNmWyRykKUAQE7AiO,396
https://drive.google.com/a/fbk.eu/uc?id=10nwJ5DLndPxyfgpkhkWMYsG84rcppoz2,397
https://drive.google.com/a/fbk.eu/uc?id=1lUq-YSuFv1F5OA2D6cOiJoGvhf8AmLLg,398
https://drive.google.com/a/fbk.eu/uc?id=1Aw-zoBG95WpjUaMj1Mvm8P5XBH1eRXDz,399
https://drive.google.com/a/fbk.eu/uc?id=1VrBarIQe9Pxm5HFacjrbu0dt43IG8HJW,400
https://drive.google.com/a/fbk.eu/uc?id=1yG_y0ZbqKa28z9kLAfrAE9NgGE1Dd0Fc,401
https://drive.google.com/a/fbk.eu/uc?id=144KEjH9JyVkqfM9JHoJ5HPvOtAjOjDj4,402
https://drive.google.com/a/fbk.eu/uc?id=1G5Gt5AvsK59Fzgry7MeV1EMKmYIl9BK6,403
https://drive.google.com/a/fbk.eu/uc?id=14OWm2jxs4SAK41C0iVqPFRCvnEqyM3Hk,404
https://drive.google.com/a/fbk.eu/uc?id=1Pp0VnAyETxQU__udI6j9RrZw9N36kSpM,405
https://drive.google.com/a/fbk.eu/uc?id=1J17wI_27-EK0rmdOOwhvazWY9GUHk2c-,406
https://drive.google.com/a/fbk.eu/uc?id=1Dj8i6eosI5xfpSLayrRILEpt2Kb2aOgz,407
https://drive.google.com/a/fbk.eu/uc?id=1iWDR-KkuQDuWbvINXjVVI3f8wuJYMVYt,408
https://drive.google.com/a/fbk.eu/uc?id=1nekJuPtT0Lk77daahITt5buvfvuw5sop,409
https://drive.google.com/a/fbk.eu/uc?id=1RelLRs7e2XVoq4xEW7nNVKt285dQYlNa,410
https://drive.google.com/a/fbk.eu/uc?id=1Og4U-3KBPo4o0DldB0ZitGO62qeSmmdV,411
https://drive.google.com/a/fbk.eu/uc?id=1OIeUQWDFXHti-8T0yUYUFXLQEuTCBPNu,412
https://drive.google.com/a/fbk.eu/uc?id=1clscxA2oeKZBptVTlw7_N_wMbvwki4Ub,413
https://drive.google.com/a/fbk.eu/uc?id=1TkevkdByiaXHNFeUtk5yl_NmgjIHIPKF,414
https://drive.google.com/a/fbk.eu/uc?id=18v_E5YuRPcSmpkfK-tLbpqTUXMJ71PtD,415
https://drive.google.com/a/fbk.eu/uc?id=1-ljNRglhyFzdQJT3x1WIJWhBUCg1bRg8,416
https://drive.google.com/a/fbk.eu/uc?id=1z55c4QuvFt5_MjQRCjjqQ-w2IK_48XjU,417
https://drive.google.com/a/fbk.eu/uc?id=1mKdMIoBaLWD8EYxcy5ZRJOo35QJ1I8pD,418
https://drive.google.com/a/fbk.eu/uc?id=13coGZTpXzGsz1LNdn27NeNbN9j5ZRiB3,419
https://drive.google.com/a/fbk.eu/uc?id=1fiBr0RZ_6GOwrFIUraImM_lN6Ce87FhB,420
https://drive.google.com/a/fbk.eu/uc?id=1SemuuE0U3tpoRXhbTksaWTnbQ7lHxpxg,421
https://drive.google.com/a/fbk.eu/uc?id=1ehhSgZ0YNP5LagzfUpFrvq1HHcogeO3j,422
https://drive.google.com/a/fbk.eu/uc?id=1POKLuPSAJ7XRzZ2Ii3K4kaxFTCMqviFD,423
https://drive.google.com/a/fbk.eu/uc?id=1_JXHgDbmnVh7z0hanTQ8XgfXQ8d5WudL,424
https://drive.google.com/a/fbk.eu/uc?id=116Vhp17FLss_7_ZBaIMlU2gxNB7ag_3x,425
https://drive.google.com/a/fbk.eu/uc?id=1Mrbh3r1tx4TbYJEJIOUmOQk4FuINmny3,426
https://drive.google.com/a/fbk.eu/uc?id=1VxjDngESZIyfCC1zJRnPzQi-pNtZfjwW,427
https://drive.google.com/a/fbk.eu/uc?id=1BupxX5IisNpFBIzlzFVpoEtxZ24eDb6c,428
https://drive.google.com/a/fbk.eu/uc?id=1tDwhK0UkkCl6ZjkRqtVvPqcFcrozaSFK,429
https://drive.google.com/a/fbk.eu/uc?id=1P1yiJ7udRT7G6lbfyhEI3kw6qvCH8oN0,430
https://drive.google.com/a/fbk.eu/uc?id=1Hg76UWJkaJNpyaffts_Lk_3tzVY7Ifij,431
https://drive.google.com/a/fbk.eu/uc?id=1Aj2PGAbHaI9dr2U0cnwRP2qtjcrfn-VG,432
https://drive.google.com/a/fbk.eu/uc?id=19zlmnaHkhVcsO-njUpFH5EVI11bsR1D5,433
https://drive.google.com/a/fbk.eu/uc?id=1jo_xM0e6i5nn1MijK2j-viiw4Y_ZQQc1,434
https://drive.google.com/a/fbk.eu/uc?id=1Sy76TiiE1NvBn8YL9JfcIgUh5Xf4Zmlj,435
https://drive.google.com/a/fbk.eu/uc?id=1wj1hmrOh3N720bKYLVeDFPTN9CLK4RUO,436
https://drive.google.com/a/fbk.eu/uc?id=1v9FpG4oufYXkzQMefRT_6nYPXPC0c2Nv,437
https://drive.google.com/a/fbk.eu/uc?id=17l1jLm1z4g9X1aP2e50rtOlTb1gqXbVL,438
https://drive.google.com/a/fbk.eu/uc?id=16VlIWjLLGwVKmlkBA67cInVAB7RoSYEh,439
https://drive.google.com/a/fbk.eu/uc?id=1XwM5lQQAp96w6TZXQ7rscOCw4tZDc_ZB,440
https://drive.google.com/a/fbk.eu/uc?id=1kO1UFjuZZcVbIRGM_kKCA2qewIvSZXDc,441
https://drive.google.com/a/fbk.eu/uc?id=1U3tg9RlavDn-k50PGtaIw-SmMTUvRkGS,442
https://drive.google.com/a/fbk.eu/uc?id=1U4TfWlXuf85KZP7gQey4-c42YwyCWIKo,443
https://drive.google.com/a/fbk.eu/uc?id=1sjQMJslRrCmV7qz69JxJZmTaWBFdSKsz,444
https://drive.google.com/a/fbk.eu/uc?id=1XnEgqNkG2UzqvpP74ARJnUHd8vW20pzz,445
https://drive.google.com/a/fbk.eu/uc?id=1_8A8ed8ox1QJ_bSflyb4Xc7WOqNWY-Df,446
https://drive.google.com/a/fbk.eu/uc?id=1tj9seBVS9D6nOB5y_J_ooXvibAt30ZG1,447
https://drive.google.com/a/fbk.eu/uc?id=1TOo17tHOHVRMW-KJ1bbSeIfuxg15MRXK,448
https://drive.google.com/a/fbk.eu/uc?id=1o8ZmwquSOl814z_kc-I6tcuyzlBfQdJ0,449
https://drive.google.com/a/fbk.eu/uc?id=1bNfnXbn8iHMbF8GhK7cSbr9NdcjbEtHf,450
https://drive.google.com/a/fbk.eu/uc?id=1dRwIKr3094gbLkqb2Ey9zSs-emHLWEOW,451
https://drive.google.com/a/fbk.eu/uc?id=1AxLQohgFN6CEqMhjLuuhWNx_Wxr0Ru2z,452
https://drive.google.com/a/fbk.eu/uc?id=1Sf3bGg44YjFKy4ytkkpWZIHYCKz9hjCP,453
https://drive.google.com/a/fbk.eu/uc?id=171GFPwEL7ltfuebCmYcjZyPv7nmS4tJk,454
https://drive.google.com/a/fbk.eu/uc?id=1NWda3DIBsNYmFGQ7sJB7Ve4hpedfSFev,455
https://drive.google.com/a/fbk.eu/uc?id=1eLgx6NHSiLf41GyUaDIteDwuXcsSLBdZ,456
https://drive.google.com/a/fbk.eu/uc?id=1Y-A2LinZ_hCmuQBzqkznUpjaB7TEVyii,457
https://drive.google.com/a/fbk.eu/uc?id=14yNkpS29SsSl9ngG0lFLH6e1oEJpdYDI,458
https://drive.google.com/a/fbk.eu/uc?id=1nyLzGl9XW1UcupvZdZOGwmNB88zgD9AU,459
https://drive.google.com/a/fbk.eu/uc?id=1oJtcwuvUPzsMwugruaLRq26SmsBXYQvn,460
https://drive.google.com/a/fbk.eu/uc?id=1lI67ozqOKTA6nOhtVhyRQyVZt5YsImd-,461
https://drive.google.com/a/fbk.eu/uc?id=1EuQQc3m249H5BBhiiIMiJGuL_iR0Cpgw,462
https://drive.google.com/a/fbk.eu/uc?id=1vLEXMWBz3BCPyw0uwLeGoK84eR80xbm6,463
https://drive.google.com/a/fbk.eu/uc?id=1fCjvTnn53vUR1KC6mFHpfx1juu90h0nx,464
https://drive.google.com/a/fbk.eu/uc?id=1M7zImGiUYDIO8l9xAQopfmb8XKeL9Qo8,465
https://drive.google.com/a/fbk.eu/uc?id=1FcHkOtdVEair72qyQDbs3yOeH9Rfu9df,466
https://drive.google.com/a/fbk.eu/uc?id=1iqUuCn6jAW51wkSM7txkFRjiaNCcdfo_,467
https://drive.google.com/a/fbk.eu/uc?id=1jJh0ED8CixWwvTD4AUxRnKldZ0fiMG47,468
https://drive.google.com/a/fbk.eu/uc?id=1r9Vdc7WsJXFuWLQArHB0dlFEvaWB3VN2,469
https://drive.google.com/a/fbk.eu/uc?id=1e9uryhUcuctBkLi-a8dapSc_WpL5Uloj,470
https://drive.google.com/a/fbk.eu/uc?id=10EC-sSyHoF1l039xQTSws9rm5gJyO2B5,471
https://drive.google.com/a/fbk.eu/uc?id=1YE0QrZgwX_US2lrIBEO0BLrWvt6tZ5xD,472
https://drive.google.com/a/fbk.eu/uc?id=1mhyQkRJQrBlyjdH5NujtjPMp_crgLPNl,473
https://drive.google.com/a/fbk.eu/uc?id=1cyJFKk2CZRFM9max-GmkgRC3RenRXkI1,474
https://drive.google.com/a/fbk.eu/uc?id=1qxya7FfGDqrNGH7AQtZ8RJDRWeSk9YW2,475
https://drive.google.com/a/fbk.eu/uc?id=1tlGrLA4SUpDBW9sWeptAT_7IKgt7sQMy,476
https://drive.google.com/a/fbk.eu/uc?id=1IXL5DfO_Czn9R3DGEUv7gP7xKlYzNQ7p,477
https://drive.google.com/a/fbk.eu/uc?id=19cPzDPosZl0zzluCdV1bmXOniiQC46s_,478
https://drive.google.com/a/fbk.eu/uc?id=1rPPDNqCPNPaBgPds_w2XhVnveR6fAPe0,479
https://drive.google.com/a/fbk.eu/uc?id=1Cfh4PzpKn42uW1YAYJaixVvwLHe-qeHv,480
https://drive.google.com/a/fbk.eu/uc?id=1Q-5lr9IaPT5sg9xOVIp1bJ3qTVOVQNto,481
https://drive.google.com/a/fbk.eu/uc?id=1zLM647ph5KpnSjX8dwyCIX14FrjNAZhT,482
https://drive.google.com/a/fbk.eu/uc?id=1I50HEKlH6W-pkmSnl0i8zGSweP6mkh_t,483
https://drive.google.com/a/fbk.eu/uc?id=1S5Qc5KnHpFwRDtaMzeJPedo_9lOXuVjO,484
https://drive.google.com/a/fbk.eu/uc?id=1t7cEs_c09v90epjhNx2fbLCYv2nOJde0,485
https://drive.google.com/a/fbk.eu/uc?id=12-LpozWQ5PrykcoKJWS06jRodnmhZtY-,486
https://drive.google.com/a/fbk.eu/uc?id=1jstS-_Um7V0y-dK5CuMEyWVVYXOnowZZ,487
https://drive.google.com/a/fbk.eu/uc?id=1Ed2_OtWcgy64VCrpyIMaKryrCP9PBbgr,488
https://drive.google.com/a/fbk.eu/uc?id=1MOZY-TWa3ebE5Q9-62FfqHdKLsfwlVN4,489
https://drive.google.com/a/fbk.eu/uc?id=1czChMqzDJEhs9_j7P4460PUpuqGp-SLU,490
https://drive.google.com/a/fbk.eu/uc?id=1Rn3CpnNchL5UCaRy2is9cMsUCAT6X9Zs,491
https://drive.google.com/a/fbk.eu/uc?id=13CL7TPan7ORs-Bqp5PTvW1rdM1_Ti0Fa,492
https://drive.google.com/a/fbk.eu/uc?id=1P-V2ihd99SEBQqy59zEgyhYeBUAPiMdq,493
https://drive.google.com/a/fbk.eu/uc?id=1xsIgu4WZV5P5Z87NC4ouhXTy7EsrtTHa,494
https://drive.google.com/a/fbk.eu/uc?id=1NxbfnjNlq0T7RH1l5PgOoqQDp7Eyyh4z,495
https://drive.google.com/a/fbk.eu/uc?id=1xjiAmKxIHOA1eMmfsehyOWqy7h3e4nNt,496
https://drive.google.com/a/fbk.eu/uc?id=1AQp5OTET1UmfhjGaOgbv2oInS4lgjxFL,497
https://drive.google.com/a/fbk.eu/uc?id=1l12qZ12wbpPez1wjYh7qZfYsq7m9x0Xy,498
https://drive.google.com/a/fbk.eu/uc?id=1wdsVHaElG9jVPGyBVYPtW41VPS7JbbMn,499
https://drive.google.com/a/fbk.eu/uc?id=1rYLAb87_eejgCIkxu4q5Bq4sUV5zU_jR,500
https://drive.google.com/a/fbk.eu/uc?id=1vO9ZoTwd-d0gOCciT3zkWJtoqrF3ur52,501
https://drive.google.com/a/fbk.eu/uc?id=1_ZJ2-dBfVuuxhG3XJ-reXjyNHmEFl7zu,502
https://drive.google.com/a/fbk.eu/uc?id=1t43tdCasufVw6FBWqJsrAQ4iapkaCaTO,503
https://drive.google.com/a/fbk.eu/uc?id=1NfYgWFv8QaTl8wuPKbnfwALBGOgK7gS9,504
https://drive.google.com/a/fbk.eu/uc?id=1i6yCfxUrx3IE05xUKX5Qi5d_czgdWWEW,505
https://drive.google.com/a/fbk.eu/uc?id=1fTz-NfU8m82IbnqWbFplrFv9YHGppo-J,506
https://drive.google.com/a/fbk.eu/uc?id=1UWFJ2d4K6rw8jURigEYsMPPvovXBB5kg,507
https://drive.google.com/a/fbk.eu/uc?id=1kaSyDWPeJMehfErdmdKZ1JKu120h3qtL,508
https://drive.google.com/a/fbk.eu/uc?id=12Q2fm2HLbqROz_o_4-3mAkYEIvva6wur,509
https://drive.google.com/a/fbk.eu/uc?id=1zmFjaG8DwDPngUo_UXdnWy0gEzTD3RQU,510
https://drive.google.com/a/fbk.eu/uc?id=1rGQVyadQ1I2QbQ8cK94ysEC2-ZNbN_2G,511
https://drive.google.com/a/fbk.eu/uc?id=1cpqKSCeMR1fy0pU2xlTHk-3LZZ6DvjzX,512
https://drive.google.com/a/fbk.eu/uc?id=1DI4YT6PxtNHEjjYqHFqPdP60P4S2fMYL,513
https://drive.google.com/a/fbk.eu/uc?id=14o-LuogtCKgYLQGwPFWaTjphU3jaUwAR,514
https://drive.google.com/a/fbk.eu/uc?id=1GIM5gzkR4iqga6AWkKLKVQPKG-s7ckOs,515
https://drive.google.com/a/fbk.eu/uc?id=1j_IUILcBJZ8Q4doSnAMOwWbKK5hJFfU4,516
https://drive.google.com/a/fbk.eu/uc?id=14mfKEdVdjpmYSijq0nVqw_knWt5IVLEf,517
https://drive.google.com/a/fbk.eu/uc?id=1L9izO33uGimnjZWQTJQBM2rcou6-NDKq,518
https://drive.google.com/a/fbk.eu/uc?id=1iTR21pbhML8S8a0T_TZfuW_7ZE3FW-6K,519
https://drive.google.com/a/fbk.eu/uc?id=1NgbNbu_NYkKckAFqBU5h_KHVl0JKfaU7,520
https://drive.google.com/a/fbk.eu/uc?id=10dGx6fFFb4ZGTfydS04yYuNECilNN3hf,521
https://drive.google.com/a/fbk.eu/uc?id=1JWIYcZYISWDhCFSq9FTt_gJ_Y1ZC6pF2,522
https://drive.google.com/a/fbk.eu/uc?id=1sg4r1mrz6y3yXgZeU1FKnB4irXAUMMwo,523
https://drive.google.com/a/fbk.eu/uc?id=1FvAqMz85lSL57MdnGRtLqyNRg-oifkWa,524
https://drive.google.com/a/fbk.eu/uc?id=14dF3qsRMSf0QbbAhlOXOonOABZEGqiLC,525
https://drive.google.com/a/fbk.eu/uc?id=11QALkOgVdH0gQ4UvePs8U-fVeTUdYllV,526
https://drive.google.com/a/fbk.eu/uc?id=1eElCFvX8dI77e-nx0TPUFwpZSbeE0FUB,527
https://drive.google.com/a/fbk.eu/uc?id=1FB7G6tlt6rVRVRf1FWc667MB56DcaVi-,528
https://drive.google.com/a/fbk.eu/uc?id=1gGfLcaWWlMF7MA5qqtvnCCf2Yc3ojEAG,529
https://drive.google.com/a/fbk.eu/uc?id=1wr8WX7CV6FBYwFKc87XlpdqWTHwtp94l,530
https://drive.google.com/a/fbk.eu/uc?id=1mXH2GgMS35xejv8QGQo28I-d8AS-8-Am,531
https://drive.google.com/a/fbk.eu/uc?id=1oeavlPKnT2_n7xTISbZjDf2UUEFX_xRG,532
https://drive.google.com/a/fbk.eu/uc?id=1bVpTv8auqmfXuBofkl2eROGixPM2g4f2,533
https://drive.google.com/a/fbk.eu/uc?id=10EtgvTRybd1NROTyYp66Kg4XJY7d76t7,534
https://drive.google.com/a/fbk.eu/uc?id=1CJLWv75LGtwLTyECcStIEtHl1C6VzaMx,535
https://drive.google.com/a/fbk.eu/uc?id=1lGyIbK-FlSsjawO75A46p22HAS1wsKNI,536
https://drive.google.com/a/fbk.eu/uc?id=16tM32BM8Cf6D7PT5-w0M2zS1OAM5YrXa,537
https://drive.google.com/a/fbk.eu/uc?id=1NboIx3dwP6Xl8WHELI1UCQeepyazcMUS,538
https://drive.google.com/a/fbk.eu/uc?id=1UL0hfHA6MVFmG1ZLApCuN_H2hf6wYI_t,539
https://drive.google.com/a/fbk.eu/uc?id=1dGNlDYGgmPS3xwo4OZOId1CFRwRaBUSo,540
https://drive.google.com/a/fbk.eu/uc?id=15Y3vCwnYB_0mf640Z-jD_yRLriZrRgCs,541
https://drive.google.com/a/fbk.eu/uc?id=1M8CRVR0egHR3MGWTEBTdyKjc7lEVm31J,542
https://drive.google.com/a/fbk.eu/uc?id=1CBCzQuH6sBoOHfnNiujy0T1BFrqMQ_qN,543
https://drive.google.com/a/fbk.eu/uc?id=1ZZlJXkd5UO6v5po17rttZjqpHsxGwzUi,544
https://drive.google.com/a/fbk.eu/uc?id=1D4fvRzRWKejY1I6FBMKHIOiAPPyk-19_,545
https://drive.google.com/a/fbk.eu/uc?id=1ZRezXOY4TknletPUuj1ebGTrVSQXeCXs,546
https://drive.google.com/a/fbk.eu/uc?id=1Qh07Go9IYIFpzWVG91OGqRgTXoFqjVDw,547
https://drive.google.com/a/fbk.eu/uc?id=1nIjSbc5LGaD4eMhq54xG6IESPU-LVF5V,548
https://drive.google.com/a/fbk.eu/uc?id=18AA1LxRh2QPaNT1ft3BYTWu1oHAPvric,549
https://drive.google.com/a/fbk.eu/uc?id=1HmeeC4p2bqDNLI78m0FqtFbJW7AtWHaw,550
https://drive.google.com/a/fbk.eu/uc?id=1d5egzNlC22K7BGgArgRMDLfTMVMc7smn,551
https://drive.google.com/a/fbk.eu/uc?id=1mBGHizn_iY5X3YbNUQ1UWLhUVPngq_t2,552
https://drive.google.com/a/fbk.eu/uc?id=1_QSPH61rlziAiufKxSrJWGRStXAL_UwO,553
https://drive.google.com/a/fbk.eu/uc?id=1FlUXf-8Nxe7GnVmAEMgdTLbxuR-P-XhJ,554
https://drive.google.com/a/fbk.eu/uc?id=14p-C7iKZZZk2ljJHRNn1qfDVtXlN0cac,555
https://drive.google.com/a/fbk.eu/uc?id=1_0-rtFGB8sjiFZTIcSfEa3-ZlUoiIeBE,556
https://drive.google.com/a/fbk.eu/uc?id=1Co8pX6wU5pWSfHP8UobZERnMJalDorgc,557
https://drive.google.com/a/fbk.eu/uc?id=1iTBqJy3rd4bSkv2s4IreX_vvzBYkjzLI,558
https://drive.google.com/a/fbk.eu/uc?id=1geaKdEqkJ_pcIiNfKWcHfNLOxytiKRbq,559
https://drive.google.com/a/fbk.eu/uc?id=1lNavLioDLnhbfJIcD9HU9GosOVJsF-zV,560
https://drive.google.com/a/fbk.eu/uc?id=11tpeQVoj5foT3UzV3s5PuPzpLazCZ42J,561
https://drive.google.com/a/fbk.eu/uc?id=1VB10O-s-MlosLgPcCSr2pEZGb6U8KLS9,562
https://drive.google.com/a/fbk.eu/uc?id=1ImE1h5WB766xiT0evYcavfbuKqaws9gb,563
https://drive.google.com/a/fbk.eu/uc?id=1y3Pxsc10_7MPuZCmas9dQPyS1clvQPCM,564
https://drive.google.com/a/fbk.eu/uc?id=1MqSx2DgUvS2YA4g53Qo0q8qW_SWmkGl_,565
https://drive.google.com/a/fbk.eu/uc?id=1VoiOSqSvfxmKKcKRZX88CWvUxZQFp5Fr,566
https://drive.google.com/a/fbk.eu/uc?id=1gTkIM-E6xsHpAgGwj0C-bUNxzdqlIqDg,567
https://drive.google.com/a/fbk.eu/uc?id=1Tf4ClDytRp-aXD0rMVl6xPnIL5UVgthZ,568
https://drive.google.com/a/fbk.eu/uc?id=16iFRN2vK9gUl8cs80-54IsIzo3vc6O59,569
https://drive.google.com/a/fbk.eu/uc?id=1pF_3PkWF_Jce3-sKFS37ImR0SHmWftFC,570
https://drive.google.com/a/fbk.eu/uc?id=1CoXZAWhSeHqjtS29Qmub626mYpXavxiU,571
https://drive.google.com/a/fbk.eu/uc?id=1NRpwobYAD1fxl8Ma5tOLVa_eBK0yuxWD,572
https://drive.google.com/a/fbk.eu/uc?id=1TNM2oGpaCmsXE_SLXY2AEEM-QansguB6,573
https://drive.google.com/a/fbk.eu/uc?id=1m8NOUMcg-1iMUvZICvjx1NbZuURRHYAB,574
https://drive.google.com/a/fbk.eu/uc?id=18aJS0-1ccczU52hQejN0Ffxzd_-qekAM,575
https://drive.google.com/a/fbk.eu/uc?id=1ypJmfAYuVFqBMVyOnR6bKaip9Jg647_I,576
https://drive.google.com/a/fbk.eu/uc?id=1ykG4pZ8NYFVpZUbE_d3XwTZLqrFvdcpx,577
https://drive.google.com/a/fbk.eu/uc?id=1nOOWMpD0u_F7FvsF-KJ5losXhU3RcXij,578
https://drive.google.com/a/fbk.eu/uc?id=1y_kvuETT--A4ufQM72D8iy1cdC9aq7JV,579
https://drive.google.com/a/fbk.eu/uc?id=1pWxFwvrl12BONhtzsMwf1kARvM3FpMyq,580
https://drive.google.com/a/fbk.eu/uc?id=1FcrnTyuOwM4Pd3iD0muxHMU3g-UpPPcL,581
https://drive.google.com/a/fbk.eu/uc?id=1gp-3B47jbIymz8o0lYlVC_Mwl44oJw96,582
https://drive.google.com/a/fbk.eu/uc?id=1GZ90vBJWFGtdfccevEz3BHIBBMZCUCQR,583
https://drive.google.com/a/fbk.eu/uc?id=1ytt5FztZOkCyehTJuG_Whnn0xmCIk6oy,584
https://drive.google.com/a/fbk.eu/uc?id=1rZMS4QYShSiJ98qD_rOySyOAMEPb8PXg,585
https://drive.google.com/a/fbk.eu/uc?id=1GFHHWq5OjkVwhqAvLcFra9j3g_RlARWl,586
https://drive.google.com/a/fbk.eu/uc?id=1nvsC59Qn4jOx_YWFp1dQpd5kpprAOY5r,587
https://drive.google.com/a/fbk.eu/uc?id=1gkt7x5WSIq3w8Ng495OUsiYp9cQhbsNH,588
https://drive.google.com/a/fbk.eu/uc?id=1tcy8wczmGWM3fUuITYAC-uGKZoMEcUxC,589
https://drive.google.com/a/fbk.eu/uc?id=1GQKW_2MaEYigzO7UhTAwQcPqHDsQC61x,590
https://drive.google.com/a/fbk.eu/uc?id=1P_cJ5e4RUZnKworMUNsMN68W4IKApxTo,591
https://drive.google.com/a/fbk.eu/uc?id=18ehtJwG23tv49szWAi85nC7SZnJ6Qq1M,592
https://drive.google.com/a/fbk.eu/uc?id=17ekAfFZaujDk1yGvTC-T9be6TPegaenT,593
https://drive.google.com/a/fbk.eu/uc?id=1sDOgDtpBOOLwWrZOXvMuwn6txUtwdq6t,594
https://drive.google.com/a/fbk.eu/uc?id=1kSExu_8JDFclZWZMskG0eH3TjTH5ni2o,595
https://drive.google.com/a/fbk.eu/uc?id=10HeCbw_dEK9NrHqj8zs6zk4uu44WP-FG,596
https://drive.google.com/a/fbk.eu/uc?id=1YOAdIj5ixBTrWpOkhjFGdSKKFJnfTf1P,597
https://drive.google.com/a/fbk.eu/uc?id=1b3kyzva8m4MKG2tOaCeOhWiPJ3r-wQK_,598
https://drive.google.com/a/fbk.eu/uc?id=1h91DqgI4faxH4BloElGzN2kfMUlfd3Ho,599
https://drive.google.com/a/fbk.eu/uc?id=10sorY9R_40ywPp9Pg-FcV3c4zeGCVsj3,600
https://drive.google.com/a/fbk.eu/uc?id=1nhvVWFkW85bHimn05cDTUbi7vcAg1Eko,601
https://drive.google.com/a/fbk.eu/uc?id=1eKrw7nBqwERzh_OKRDIyRdsgq22FOoYg,602
https://drive.google.com/a/fbk.eu/uc?id=1bMdbJ_eS-QkeQCzq_ivu7pEykAGj80PW,603
https://drive.google.com/a/fbk.eu/uc?id=1ZYel7Sgafzu1YWyN5Ab4WnGfIurd7omq,604
https://drive.google.com/a/fbk.eu/uc?id=1n2jhMJWCRHW2pM_o3o4BFDam7bUonkDp,605
https://drive.google.com/a/fbk.eu/uc?id=1BK7JJsp2kDrXWfTx26NQFSvfTgQ6AoyM,606
https://drive.google.com/a/fbk.eu/uc?id=1jRXdm2H8z-V4r5qxVhtXbNCb_behPZ5K,607
https://drive.google.com/a/fbk.eu/uc?id=1HNIjhzT257Ig2oYMInrakoXibpvg0cbg,608
https://drive.google.com/a/fbk.eu/uc?id=1WGMfRlSDkdpRB-LM6qaSnepyXFPibnlg,609
https://drive.google.com/a/fbk.eu/uc?id=1CnnHoHnGeNUjbrQJOp5EC2oa1eKiG9sf,610
https://drive.google.com/a/fbk.eu/uc?id=1dI65ALJ9428zUchMG_Nm0z1dG_KWsvYO,611
https://drive.google.com/a/fbk.eu/uc?id=1ZkSAg8dF7tiJ2no4p9hOTZXdLvdHQY8s,612
https://drive.google.com/a/fbk.eu/uc?id=1XDcMWNQ0-eKNlG_ItjVzWio1_UHmxb2K,613
https://drive.google.com/a/fbk.eu/uc?id=15I3poA-vmD64IdHD0Ui8JqjqSuMyf8DL,614
https://drive.google.com/a/fbk.eu/uc?id=1ULmVGkRwG8xZSSHPl0i5sgqW8E2xewJU,615
https://drive.google.com/a/fbk.eu/uc?id=1nXyiJIfC9gTAOAURtT02ga6mK8d--UzV,616
https://drive.google.com/a/fbk.eu/uc?id=1t63DwU7w9MV0wKH9rsLk0gPCVfnwBw3T,617
https://drive.google.com/a/fbk.eu/uc?id=1RqIDuwMUvVgsrMOVu4ZW3fEKgW2rTZnD,618
https://drive.google.com/a/fbk.eu/uc?id=1cACVSQw_m1-MwMMsLWpnRI7TnZKPqkdf,619
https://drive.google.com/a/fbk.eu/uc?id=16M9e2GfNSy5coPwJQabPH7vla4yRMHR3,620
https://drive.google.com/a/fbk.eu/uc?id=13plUNwq2MpKnZ0U1kDy81Qt6vR5ygkov,621
https://drive.google.com/a/fbk.eu/uc?id=14VVaAGqMaKnDUvvFlMxbjHq2xB8RWkfT,622
https://drive.google.com/a/fbk.eu/uc?id=1hLrb_1QKakTpqA9PmEn1SzX7FNC4PsK4,623
https://drive.google.com/a/fbk.eu/uc?id=1-9fREiAdBY0wlQCBR8FwsFS_B9DqGzRM,624
https://drive.google.com/a/fbk.eu/uc?id=1hxtEWT9ciN6tGsHjOacJ6uc1yDPg5nXP,625
https://drive.google.com/a/fbk.eu/uc?id=1aBLjojdOiY6mgL9CSupY9QFyf98x_pXn,626
https://drive.google.com/a/fbk.eu/uc?id=1tS5vcKqdM7lYEctNEpj34sVj1WoxWofU,627
https://drive.google.com/a/fbk.eu/uc?id=1o7fdYeUoef9iNefG2_szReSW8zhlN0Ek,628
https://drive.google.com/a/fbk.eu/uc?id=1xL-xHWzYksb6VsqfghMwfD-IiT8mZ6Zp,629
https://drive.google.com/a/fbk.eu/uc?id=17G1ifTrIH3e-1RwP2z1AbZTS5OLPHFiS,630
https://drive.google.com/a/fbk.eu/uc?id=1OIHFsS1UCAWXxewSF5fXm7l72kXLsmvn,631
https://drive.google.com/a/fbk.eu/uc?id=1jmhSSZF31HWDpufyaJYlDALF2NbJw-0_,632
https://drive.google.com/a/fbk.eu/uc?id=1voxMJtdAMdDQqqFSr7fBihhmzElcF4Ic,633
https://drive.google.com/a/fbk.eu/uc?id=1cTpquCGf89-Lgsmm0i1boU0AXnPTvsLJ,634
https://drive.google.com/a/fbk.eu/uc?id=1XNtSPeDFKoOGZ1yLN4lMzkEfkLGdZTqg,635
https://drive.google.com/a/fbk.eu/uc?id=1F9tqnIfWGL0eL85RPO1oq4OokGBx1CdR,636
https://drive.google.com/a/fbk.eu/uc?id=1sxkpYjuCbB-g299PAtKouEq-xFwzt0-a,637
https://drive.google.com/a/fbk.eu/uc?id=1yHKsJjrtYN_tn_5ZklAQ0fTgVW5Q1v1I,638
https://drive.google.com/a/fbk.eu/uc?id=1G_1XA-mbdTAxjj5dOJf6fUn3DE-OpbQ7,639
https://drive.google.com/a/fbk.eu/uc?id=1bOt4eGKtrISqU93PlEjFrFzQ06IkDEck,640
https://drive.google.com/a/fbk.eu/uc?id=1cNisc8JbRycsrnjaD_PKH54EQZOUQTKe,641
https://drive.google.com/a/fbk.eu/uc?id=1oN2VyF-pEBM5r9S-_nfvnGoN-rUP94-b,642
https://drive.google.com/a/fbk.eu/uc?id=1iNHksd4tug47tWvkuTTHnXrIgHrO2pXL,643
https://drive.google.com/a/fbk.eu/uc?id=17C1U5K7I2UXYDSbz7Ao-o3c7dqR-ZyxN,644
https://drive.google.com/a/fbk.eu/uc?id=1QtmI-_HkhHwRqudxNebuIcWcAEG7jpzX,645
https://drive.google.com/a/fbk.eu/uc?id=17ABZixpyVZatVI3oU1HR9OBjEQ5-UDI_,646
https://drive.google.com/a/fbk.eu/uc?id=1rnv0HKYOMNLc-IVNpXyN-Jq8u-ANA0yf,647
https://drive.google.com/a/fbk.eu/uc?id=1DBu19G7eUWiBRnE2KTSip2hEN2JO4Rlr,648
https://drive.google.com/a/fbk.eu/uc?id=1AW_fxcHH-1rWqPx2dqBP9Wo5ubRxUFBF,649
https://drive.google.com/a/fbk.eu/uc?id=1P4bc_xtolyCLzwAa8nrs4IoZXYQujWIz,650
https://drive.google.com/a/fbk.eu/uc?id=1Pu0_aqzVUBXzL-_iwwqhYRg2yEoDEIjr,651
https://drive.google.com/a/fbk.eu/uc?id=1MHwSUqW8QmBQoZ7-Ni-LCSit5JKBQjJa,652
https://drive.google.com/a/fbk.eu/uc?id=1brV3L9SyNDsSHrgusVLu16N0qmqba0eD,653
https://drive.google.com/a/fbk.eu/uc?id=1-PS2rHovf0YvlL_ZB5d45faimFA3lI70,654
https://drive.google.com/a/fbk.eu/uc?id=1fUP9qhPwNMQiAVyBJfQLTnTowzBLnCRH,655
https://drive.google.com/a/fbk.eu/uc?id=1PbtdwB2b1yxZYVF2kMoRZZteo6erzVWk,656
https://drive.google.com/a/fbk.eu/uc?id=1o1Mh9ZW_DFLhu8y3abpg3knz11Lvy8-T,657
https://drive.google.com/a/fbk.eu/uc?id=1PW9lojAPnnTT1TcG-Y15mC5JVzCp1ENn,658
https://drive.google.com/a/fbk.eu/uc?id=1a0VE392GW8BKS4upeALEIxkiTP6Ekp0T,659
https://drive.google.com/a/fbk.eu/uc?id=1PT4i_mo1F603PjyY-BlIAXVLW1_t_wmD,660
https://drive.google.com/a/fbk.eu/uc?id=1WCGz9N8rPGk_qAxKwqNJsffljf8D6Lng,661
https://drive.google.com/a/fbk.eu/uc?id=1NoS1D3C2DiWak6mj53CSHkSnxUwq_p51,662
https://drive.google.com/a/fbk.eu/uc?id=1bIHRn3QeHst-pi9rOHKDCS4LhwCXc062,663
https://drive.google.com/a/fbk.eu/uc?id=1_QrMABCPnkecsVmOy-PhZHDEzAbJ2lBD,664
https://drive.google.com/a/fbk.eu/uc?id=1WQwvm-CglYrGcpPu77WVZFTFQTChSj7E,665
https://drive.google.com/a/fbk.eu/uc?id=11BDrrSoahrx7u1LDpCTw22kzRU3OT_iy,666
https://drive.google.com/a/fbk.eu/uc?id=1U2Wk4wT3-8_xYjPrNhd1Sx_gRJ2bIkXE,667
https://drive.google.com/a/fbk.eu/uc?id=1VCxNw24LbW3ZXQAYqRUgl0PH9tEu5MKD,668
https://drive.google.com/a/fbk.eu/uc?id=1FxLgtcJ2HvBY6gguFDA8KdJJ4Tg2X4pm,669
https://drive.google.com/a/fbk.eu/uc?id=1zdvVrA5sWsNA4btmi19CI3bmcXM-e6XY,670
https://drive.google.com/a/fbk.eu/uc?id=1JLnbStA89DUQhb1Q6L39HU358k6Pf3su,671
https://drive.google.com/a/fbk.eu/uc?id=1T02Bkdgrr8WIGdlSrzVm1GSFo7EZ1qXp,672
https://drive.google.com/a/fbk.eu/uc?id=1FljADTNnJ-R0gl3VOZtyQaKKWuQGOiV7,673
https://drive.google.com/a/fbk.eu/uc?id=1SWpT3aGIK_7Tbfqo8uVrahT15ADhl0Hu,674
https://drive.google.com/a/fbk.eu/uc?id=1EJtSbHi2poVBwZqy-tHfUa4GGJlRFsfH,675
https://drive.google.com/a/fbk.eu/uc?id=1POuRGQZLAnC21BygGtfNkaT_YEtr3Fse,676
https://drive.google.com/a/fbk.eu/uc?id=1LyVYwvzb6yKbb7ny7KoYS-VPsjRlBHLF,677
https://drive.google.com/a/fbk.eu/uc?id=1lRJiIxzFKB-pNKm6YFlowGqzHxsK2X9n,678
https://drive.google.com/a/fbk.eu/uc?id=1tIcWEvrWGNOovWaPC95gAXI4uD-jmu9H,679
https://drive.google.com/a/fbk.eu/uc?id=1PNQdG8KitC35F4yO7NvE3KP7UWZIMSy6,680
https://drive.google.com/a/fbk.eu/uc?id=1LswvTWjVIcqBzIzHyGLts3z_XZ8rGjLb,681
https://drive.google.com/a/fbk.eu/uc?id=1mkN9HTiMfIZv4ZTDmEvdbjgibURgCJOy,682
https://drive.google.com/a/fbk.eu/uc?id=1O9wGnwqOlGZ2NDKdUUdlCDV61hGUKNTn,683
https://drive.google.com/a/fbk.eu/uc?id=1BEpC6G1cYm34it91x9jj1a2CaxITL755,684
https://drive.google.com/a/fbk.eu/uc?id=15YIMVAp7tk7n4cAKteyWJEaYSHZ1xj9Q,685
https://drive.google.com/a/fbk.eu/uc?id=1rjIqTGAGtmI9EiY4mouHlQpgMYscWzkN,686
https://drive.google.com/a/fbk.eu/uc?id=1gVo5kn8asge-PLC62ski0lBP5ISty9Zr,687
https://drive.google.com/a/fbk.eu/uc?id=1FCKcl5R69nKYgdJhRDxEjguylPXHWkN0,688
https://drive.google.com/a/fbk.eu/uc?id=1FSX3oUHsAhLjwrhXelp4-E8aLKc0_Des,689
https://drive.google.com/a/fbk.eu/uc?id=1V9So1ShRUCd9jyrQLu3uzs9HV-8uQDZb,690
https://drive.google.com/a/fbk.eu/uc?id=1rIcD_P3HWyvYk4vt6utrIPEQC7YpJiK6,691
https://drive.google.com/a/fbk.eu/uc?id=13KZWV2hUIrRlP_kFc6I1InWjaVtH8zKa,692
https://drive.google.com/a/fbk.eu/uc?id=1k8xtq99RKkZxOYzw96SwY9xK3I500BXk,693
https://drive.google.com/a/fbk.eu/uc?id=118-7j5yU4Dd5Fo74cW25BaBKPmRt71Bd,694
https://drive.google.com/a/fbk.eu/uc?id=1D2blZHbrZ46Ouo6C8MMo-LSB4-b8S0rf,695
https://drive.google.com/a/fbk.eu/uc?id=1m3798Ko-163R3yeAazTFwKEkRMPZcLOU,696
https://drive.google.com/a/fbk.eu/uc?id=1blKFudY85bdiWCImsr-DgLvObuFXws6v,697
https://drive.google.com/a/fbk.eu/uc?id=14Q_OW63s3EASsV1V3JthKLfMlk0p9OQ8,698
https://drive.google.com/a/fbk.eu/uc?id=16k-R0agmZYLmFBGGfg8d7YQDb6_IcdOz,699
https://drive.google.com/a/fbk.eu/uc?id=1UFT2Nw4MRFXA8sARwkib69hXrIabDzhx,700
https://drive.google.com/a/fbk.eu/uc?id=1fCANYHZ-2y0tIKnMdtcvOi4qhvU_K3oq,701
https://drive.google.com/a/fbk.eu/uc?id=1DBlvxdXgGVC-PSbh0u0x0TYkrtpJtfsT,702
https://drive.google.com/a/fbk.eu/uc?id=1wg9OmgfTwsVGyWwMzO8uAyiHUq8pFQuW,703
https://drive.google.com/a/fbk.eu/uc?id=1Q4vLU5tterfEFbn4HZEvc_FljgrGneSr,704
https://drive.google.com/a/fbk.eu/uc?id=1xmIqEkItWiuiolyGHpayRsNgTP4WFRZg,705
https://drive.google.com/a/fbk.eu/uc?id=1BzyO063olG9G2w-kj4ise_H8M6c_qm4T,706
https://drive.google.com/a/fbk.eu/uc?id=1JKFoMF9onbkFewrTAykGmp_KUVggI3YX,707
https://drive.google.com/a/fbk.eu/uc?id=17jNLsRTfdJDCHoJgJy7QjoZv4Rv0bvly,708
https://drive.google.com/a/fbk.eu/uc?id=1ohBF2kU4W_aVCkt50RYR_CrlBUSWNc75,709
https://drive.google.com/a/fbk.eu/uc?id=1jj8uUM4-skDhGwGy3RHPtSaBvldNYUCA,710
https://drive.google.com/a/fbk.eu/uc?id=1lUlXVhZKqesPk9iNhclgUkBreJOhvcF5,711
https://drive.google.com/a/fbk.eu/uc?id=1YVYLiWMQVBkQ0hlHabx3jvzZDNPkm7wr,712
https://drive.google.com/a/fbk.eu/uc?id=1LBntg8-_o35BIhDdXf0EY-7oMQygWEx4,713
https://drive.google.com/a/fbk.eu/uc?id=1ZOJGHvdtPD7yEvEuyEKYGAhEf9mmQP0u,714
https://drive.google.com/a/fbk.eu/uc?id=1sGhoKM7-nb-NTt3t8PXNZtarnRIe8gs1,715
https://drive.google.com/a/fbk.eu/uc?id=1D57IF8tLY_XUirtJnVyeBjsMPe4QrLjo,716
https://drive.google.com/a/fbk.eu/uc?id=17vPJeIA8zIPMoWW-b1DU0HD35RDMFkqv,717
https://drive.google.com/a/fbk.eu/uc?id=11pH1UVlhso2JvT0FmU8Nfc438daz1Vi7,718
https://drive.google.com/a/fbk.eu/uc?id=19moiQ1Ov6w88A70a2MLgqhlnKbKWzEVe,719
https://drive.google.com/a/fbk.eu/uc?id=1H8Vj9_RSFocfKP4idFzndW1Ye9V5oRDp,720
https://drive.google.com/a/fbk.eu/uc?id=1jGLFcMZvPUtp3_hOXqutv4ZfyCIo-A71,721
https://drive.google.com/a/fbk.eu/uc?id=1a1kNNalaQWzjpezKUFg6uscSIniqXdbX,722
https://drive.google.com/a/fbk.eu/uc?id=1iMPo-vn0iv4yimEiKbOffAzqvq-WaMwL,723
https://drive.google.com/a/fbk.eu/uc?id=1U2uMMwkIDULJ7Aadq8CO6b4MqyY2M51m,724
https://drive.google.com/a/fbk.eu/uc?id=1kFViYtYTIN-zGgL8XdjBfsNI_A6TFa5Y,725
https://drive.google.com/a/fbk.eu/uc?id=1zO5AdMLbE8mPYxxkcXogz7hCL5Fr9wu-,726
https://drive.google.com/a/fbk.eu/uc?id=1b69tDzhcy-eMq7KvvQ0U2EgpBGVLBqYc,727
https://drive.google.com/a/fbk.eu/uc?id=1lQMsQ4iklx0WQiipoMM6vND7Z_1hufwH,728
https://drive.google.com/a/fbk.eu/uc?id=1AXxMa7nGb3DAm1R2Rg-uOx2wLO7PVJZa,729
https://drive.google.com/a/fbk.eu/uc?id=1p5RsMz19u-mM1ilMS7mceI0SwAVidcrN,730
https://drive.google.com/a/fbk.eu/uc?id=1ka8KtSbHcvR544ATXOnoznQQSfRl4sEr,731
https://drive.google.com/a/fbk.eu/uc?id=1y_yzRI9xvLyvtYc4HAaXG5hWP2veO5dy,732
https://drive.google.com/a/fbk.eu/uc?id=1dyXKn_NLDEn2KJ6D7WWP67SyyRJeNX39,733
https://drive.google.com/a/fbk.eu/uc?id=1_qvb_vOpnm0y47AUOQ_vakSTK2wZy6x4,734
https://drive.google.com/a/fbk.eu/uc?id=11mrJN31FISTCdV-ebPXk9X9bFoi2rk96,735
https://drive.google.com/a/fbk.eu/uc?id=1byBN4_nUxLqiycMP-VTSdSgUvjjqpheD,736
https://drive.google.com/a/fbk.eu/uc?id=1W3oqCdt8yXSyQRWhZaXQhZFpxzf7APAb,737
https://drive.google.com/a/fbk.eu/uc?id=1U1HQnV05kpih1F6NYmLN9Q1HZtUCLB7I,738
https://drive.google.com/a/fbk.eu/uc?id=17TLptuRf9a0qHbdHRmmJvZTB1XoVTPGn,739
https://drive.google.com/a/fbk.eu/uc?id=1tHoZeghLqVuX2AmJ66E5kOjd_dSZFiof,740
https://drive.google.com/a/fbk.eu/uc?id=1JuyGLwu79DVPnpMS1tM_wkUK7tT15DJf,741
https://drive.google.com/a/fbk.eu/uc?id=1Ic9WTvMJBH2fIfyIMPqUbqYxBsSsOxk1,742
https://drive.google.com/a/fbk.eu/uc?id=1vzprs45jV7GLljR06K1kBAD-z_YNZbzF,743
https://drive.google.com/a/fbk.eu/uc?id=1WPWbLaB9SENLV6zTTBj2Ow2ZhOBgA4eT,744
https://drive.google.com/a/fbk.eu/uc?id=12ze9K6kdjQdkEkvExyKpFuK0l1Cy0PNd,745
https://drive.google.com/a/fbk.eu/uc?id=1MbNh5gI9SGNQC5mZ57fEsFhhFXVlLQjQ,746
https://drive.google.com/a/fbk.eu/uc?id=17bTZjgk-8B-nZq5Yvc9IywspMEg1f_Hc,747
https://drive.google.com/a/fbk.eu/uc?id=1k5d7yF1oLmSi_ByUWCWkMpNSti49qYPp,748
https://drive.google.com/a/fbk.eu/uc?id=1WSHfBOU4JWJ5gPIe1a8WAIwy5LbsD1pE,749
https://drive.google.com/a/fbk.eu/uc?id=13_dQnEpuqA0Hv87x6fSeqQsGgfEPqS8S,750
https://drive.google.com/a/fbk.eu/uc?id=1KNKaII44WIYiTrEX_-zCi2JQT43bsjHD,751
https://drive.google.com/a/fbk.eu/uc?id=1a_bondXSGm9xqLi7zxf6KTh385fyxmTZ,752
https://drive.google.com/a/fbk.eu/uc?id=1gW1cpMKmSAtxO9iWePAHcEwldt5KeaKE,753
https://drive.google.com/a/fbk.eu/uc?id=1f_s5TQDvNqRRdrdVPrqQsEWynevsxp_8,754
https://drive.google.com/a/fbk.eu/uc?id=1Ldlmt3r6Z0HsfYXg5VXIENEFBq5Myfeh,755
https://drive.google.com/a/fbk.eu/uc?id=1g3VYsE9fnI6DWPBVXhxB4-uYs66uG1uX,756
https://drive.google.com/a/fbk.eu/uc?id=1cl3LL_rqu4fmIxiEr45V6G9MACXrFeqL,757
https://drive.google.com/a/fbk.eu/uc?id=1tAXb-PbpMR1OVlMIOlihktXzyBDxIzxc,758
https://drive.google.com/a/fbk.eu/uc?id=140IDVxhstP0kYitW2AEDcqAFyMFPiBS3,759
https://drive.google.com/a/fbk.eu/uc?id=1Z9rpior7zquMXr-f_QBnXnRwgm29iIbj,760
https://drive.google.com/a/fbk.eu/uc?id=1kQNYCfakFF9VSrsHidwhCciDIHv-XBpa,761
https://drive.google.com/a/fbk.eu/uc?id=1PSfP33d6HHCrM5pmcdaSCVVlf2LKRcqJ,762
https://drive.google.com/a/fbk.eu/uc?id=1Z8AyONRJaWzmHccbbl8f-_BjxGJdH8Os,763
https://drive.google.com/a/fbk.eu/uc?id=1TLOAeLxkoVpSRfxhhX3pRYYkbj_lrXkQ,764
https://drive.google.com/a/fbk.eu/uc?id=1wyfIv1gk45mC84AEdV51kzdOoEsfUfGW,765
https://drive.google.com/a/fbk.eu/uc?id=11Oa4KzT0tCF9Q892B8lP9RgYcBnAYZWD,766
https://drive.google.com/a/fbk.eu/uc?id=18i4pXKV0yoF_2MOgV3A3HvZ8dwZQ2EGy,767
https://drive.google.com/a/fbk.eu/uc?id=1HjCYYh3I6dH7rcSrswUL9CLtP55UvCQp,768
https://drive.google.com/a/fbk.eu/uc?id=1CJSsh-TxJWpx8qHQL7UCMminRksHvEdq,769
https://drive.google.com/a/fbk.eu/uc?id=1Y_nZ1X9T6oRNtOHrmMvBquuiLlodL7HZ,770
https://drive.google.com/a/fbk.eu/uc?id=1QR3LA6-EY32IhSWkckqiy9bz9XT-Bv_n,771
https://drive.google.com/a/fbk.eu/uc?id=1ZYsqdfDNL8OKNmQTGtVJ1ctDtBAgopek,772
https://drive.google.com/a/fbk.eu/uc?id=18tZSg4Fb6yaMG07TzMVSHR-tnYWmm6m2,773
https://drive.google.com/a/fbk.eu/uc?id=123OwF8Sr-MHB_bb9QmNbwgThZ1w4dKdZ,774
https://drive.google.com/a/fbk.eu/uc?id=1a8Wo-sdtBtWLGrCMfkTVESnmfCgG8B4m,775
https://drive.google.com/a/fbk.eu/uc?id=1GPN2V_LLBKBSf7e5ePjgTDMeJ1mVU5wq,776
https://drive.google.com/a/fbk.eu/uc?id=1_DjswbiU-kD-pXSpQ-KAp8zA6UflbhVM,777
https://drive.google.com/a/fbk.eu/uc?id=1UMIrqm6luwYS-BUIbXbRkCuHcI-BelaZ,778
https://drive.google.com/a/fbk.eu/uc?id=1X0-nQ5GiAZIDBxoBRFMD9B9FKhl8pmTW,779
https://drive.google.com/a/fbk.eu/uc?id=1M7mLy9yQ-QgNhdGam71FWAe-9aO5llS6,780
https://drive.google.com/a/fbk.eu/uc?id=1zR65FAajmwPV9iAt5IEOeFXnAyhJCJXu,781
https://drive.google.com/a/fbk.eu/uc?id=1BlnM5Chs99_aWkXMwomJMGN89vmOBQ7f,782
https://drive.google.com/a/fbk.eu/uc?id=1MMpA496eNjvE1tIfV_nitTM7SKVmi6Vx,783
https://drive.google.com/a/fbk.eu/uc?id=1cuGOWPPQccXy6NNXFORdKqjBpSp7wbzd,784
https://drive.google.com/a/fbk.eu/uc?id=14FPDWqUIjSUugB6cvdvFKdcHJ9z04o3v,785
https://drive.google.com/a/fbk.eu/uc?id=1Q5gdtHS56v0cz-2cFTJfZfJmTTFsO2PM,786
https://drive.google.com/a/fbk.eu/uc?id=1c5jsxknXKQlLXNsrc_5W11eJTXGK03Ri,787
https://drive.google.com/a/fbk.eu/uc?id=1plm6aHZ8J5Yjki-NE71j5WYfhEGg1A2e,788
https://drive.google.com/a/fbk.eu/uc?id=1utDHbYUSouYcXo3iR-4x8SGoyywpVEy_,789
https://drive.google.com/a/fbk.eu/uc?id=194dKonIJ1FY2wb1tlfIDBx9krKbUqH74,790
https://drive.google.com/a/fbk.eu/uc?id=1mtOdrOJvmDTQ094bS2JxtRGOoGZjTWhP,791
https://drive.google.com/a/fbk.eu/uc?id=1UtF9hDN84lqNYdeQ-RcMZn6iR83mJpoc,792
https://drive.google.com/a/fbk.eu/uc?id=1GM0kQ4TR7bLp224N7i4ugBCsj9SowS3b,793
https://drive.google.com/a/fbk.eu/uc?id=1vrWoKULOoz11nryYvVZ1_lubvThU8-1W,794
https://drive.google.com/a/fbk.eu/uc?id=1pbmZCS5bPgQssNTDBC8GIkM16sh6isCA,795
https://drive.google.com/a/fbk.eu/uc?id=14JGV7Q9NVpOaYgffp0Fker4uMNKa9RJS,796
https://drive.google.com/a/fbk.eu/uc?id=1ti0EaWnPRxUk_5QPbxQo1UH-9fFOVXuC,797
https://drive.google.com/a/fbk.eu/uc?id=1i2Eq_XgzA-R-7updGw-qAa10baeJrNDQ,798
https://drive.google.com/a/fbk.eu/uc?id=1GJfx9Z05OdydLX5eeGpyhSc2v3RLEJs7,799
https://drive.google.com/a/fbk.eu/uc?id=1NRGWxZLgHswcIjGQmQwHgjfLKb6pWIuv,800
https://drive.google.com/a/fbk.eu/uc?id=19dsheTkIO-XD0f5utA1GQSjv3npy9NsA,801
https://drive.google.com/a/fbk.eu/uc?id=1oRu4CdWy4hSARW_gFHplo_oMLSCzQ87O,802
https://drive.google.com/a/fbk.eu/uc?id=1r7R6MN_bSGHU9bdCFg9FyAEIyYW-xEwi,803
https://drive.google.com/a/fbk.eu/uc?id=1j7B21FuP6N1C7Mf9b218mTHB5yEUoxdh,804
https://drive.google.com/a/fbk.eu/uc?id=1R34lSJmgfR7XeMAU5sGxh_aqXNAy6NPZ,805
https://drive.google.com/a/fbk.eu/uc?id=17IhKsi8QZcmFejCyE37Xu6d6yWE9OQFu,806
https://drive.google.com/a/fbk.eu/uc?id=1XiGJR8vG_hon3iWhBJXVA4755Ui0ymye,807
https://drive.google.com/a/fbk.eu/uc?id=19VezYrerTmXOSFf2Kl29HfWO9m5QJiWO,808
https://drive.google.com/a/fbk.eu/uc?id=1qmqUQG8UilZXyVy_6NIx3csz5iMUDCfq,809
https://drive.google.com/a/fbk.eu/uc?id=19g-F2RgUbHYRVS2B6pga_9Dqg0Ml-wZn,810
https://drive.google.com/a/fbk.eu/uc?id=1UNeTDdaWdgNSQm1TwFYHUI-tW95kmm8n,811
https://drive.google.com/a/fbk.eu/uc?id=17CpSSzggVevv-62nVqw3GM24o94qCh5v,812
https://drive.google.com/a/fbk.eu/uc?id=1PK6miwTKQxFNuYhCDNj4x8-vgW0gNYJr,813
https://drive.google.com/a/fbk.eu/uc?id=1CdaSrpknf9cg1rg8Cv-7DJeFMvavU6d1,814
https://drive.google.com/a/fbk.eu/uc?id=1HQToe5bv6WNB5132p-PCUmQzWs68EfXJ,815
https://drive.google.com/a/fbk.eu/uc?id=1DDDrGw2E4_lwBay8f_yK4iLDIO4fC6Z2,816
https://drive.google.com/a/fbk.eu/uc?id=1LKw7E4yDvzLfjmxIFWhp9oMgC5hNdsql,817
https://drive.google.com/a/fbk.eu/uc?id=11tMkWMqct84S80KkEzA2PLJ52NBjlAl_,818
https://drive.google.com/a/fbk.eu/uc?id=1O9Ff3Ee4tXPa6RZDQlrf-p6_RcvCTvcs,819
https://drive.google.com/a/fbk.eu/uc?id=10BkJdpeihr6IRD8SlIs3jtskDkeh6IdR,820
https://drive.google.com/a/fbk.eu/uc?id=1GcEbuiAavMISmCmsSx91P117vtiRptql,821
https://drive.google.com/a/fbk.eu/uc?id=1kUMS_V7_fSvKaFTod4xQAecDshK_I1uQ,822
https://drive.google.com/a/fbk.eu/uc?id=1xrZATuT46wLrNelPinJ9YzLdl9achXas,823
https://drive.google.com/a/fbk.eu/uc?id=1kxVfBUDNCW5CgnTSyjtB9FCqKqf2lw6c,824
https://drive.google.com/a/fbk.eu/uc?id=1hILHS_HlhfzDno8SBIBoeR-aeyXCEPmo,825
https://drive.google.com/a/fbk.eu/uc?id=1--0SNSqAlVleIQHV0RAkDqVSBvOxi94y,826
https://drive.google.com/a/fbk.eu/uc?id=1isrGvyoDnHGnppvlJ9PTo4o2ScYxmv3x,827
https://drive.google.com/a/fbk.eu/uc?id=1mZ7C3AfNWV4LwXku0zWI2h4hlAZltoHT,828
https://drive.google.com/a/fbk.eu/uc?id=1xRMZv6_-G4XDQrGh_9h7nlc4m9bL4lXO,829
https://drive.google.com/a/fbk.eu/uc?id=1XegM4NJnnKCtG08ozLYOPPeM-t36DzUR,830
https://drive.google.com/a/fbk.eu/uc?id=1kswA0gUUNrvQK-vdun9FQivKYDbFw_uo,831
https://drive.google.com/a/fbk.eu/uc?id=1i7Fdp6twae7TI7LFePioGfZn3TeBYpLc,832
https://drive.google.com/a/fbk.eu/uc?id=1Zb0li-_Lezzs2iX2jz_9mBnv1homNjWC,833
https://drive.google.com/a/fbk.eu/uc?id=16jY3apNaaCQF7q-sGJABaNJzGGTjONKt,834
https://drive.google.com/a/fbk.eu/uc?id=11S31Y4ElxpK6Q0oNpif6wLP-7krf0naH,835
https://drive.google.com/a/fbk.eu/uc?id=1GYI-qBrVJtnlH2QnaTb_7ToBmQ1WnjOB,836
https://drive.google.com/a/fbk.eu/uc?id=1biROaGeLZX-aww3sogBctwXSTzMcbLCV,837
https://drive.google.com/a/fbk.eu/uc?id=1wQPSZEXrhlCaq3Ag7Ci9e0zOnB6aFVHu,838
https://drive.google.com/a/fbk.eu/uc?id=1ovWboXWvpXkYCwuP5pTQiNHBG51ZN__V,839
https://drive.google.com/a/fbk.eu/uc?id=1zSBVJmBO3uHrJPYGpg4Uh_vWhjh5hhHn,840
https://drive.google.com/a/fbk.eu/uc?id=1gDZNsqbseEBa6nCJRNMgg9AhiA7yJk1i,841
https://drive.google.com/a/fbk.eu/uc?id=1ccbDzTf3fTdd709HDP9NHB1umTXKC1KD,842
https://drive.google.com/a/fbk.eu/uc?id=17uxpDG--c-DVE320BljT-VrLK8IxYt2p,843
https://drive.google.com/a/fbk.eu/uc?id=1x00OwXh2SEWnb10ZhpPyZs6DBUyu6Ng-,844
https://drive.google.com/a/fbk.eu/uc?id=1aTzdMaODe-p88Sfa8cK80eOQ6T66WILE,845
https://drive.google.com/a/fbk.eu/uc?id=1Z0j0j9iEZLlgXIOhpZs3pKjIFOjIS4ip,846
https://drive.google.com/a/fbk.eu/uc?id=1TFCQaYoIACtyM5WJgNLh73rwMkq5_48E,847
https://drive.google.com/a/fbk.eu/uc?id=1LLVDSFOwTnjbrtQth4l4QcA6Ezj2GTUa,848
https://drive.google.com/a/fbk.eu/uc?id=13xxwIhkAz96tdhkC6oqoBHzi4IlDMi5J,849
https://drive.google.com/a/fbk.eu/uc?id=1aVZVlXtiTdfUwERbrTVAZwOH4GKBa-Vo,850
https://drive.google.com/a/fbk.eu/uc?id=1xnNOSAJFd7XQ-_1lGtX940m_8EC0a59w,851
https://drive.google.com/a/fbk.eu/uc?id=123nSKvUh_L3inOfHXPq77HnbP3vnbYfl,852
https://drive.google.com/a/fbk.eu/uc?id=1ylqMivXbjabIu38T7XTZyoF39vyTCiLm,853
https://drive.google.com/a/fbk.eu/uc?id=1pJna72pV97ECPrsrc_Rx2ahRsTtyDSTX,854
https://drive.google.com/a/fbk.eu/uc?id=1Mjc2yZu5xnrAFzlsaaDsPZZOVk_iVPR9,855
https://drive.google.com/a/fbk.eu/uc?id=1KFt5jGPi78ZEXhw9CiSZ8fmaK_haG8uO,856
https://drive.google.com/a/fbk.eu/uc?id=1G7wQ0D9dUrMuSG2Ay89eQ4Q6HS3M7lHF,857
https://drive.google.com/a/fbk.eu/uc?id=18Xf1D4RDqDaqcY8wQYhCbdlIDJxUAG8r,858
https://drive.google.com/a/fbk.eu/uc?id=1oCe_YKZYOEk3ZvxaswbVcHT2RpU8YTSZ,859
https://drive.google.com/a/fbk.eu/uc?id=1X9wZNpj0b8t6V8BihKtsgY9_6xFcHkMc,860
https://drive.google.com/a/fbk.eu/uc?id=1AKlZmXLZc2KFQBsQh__Ytje_XWWInycH,861
https://drive.google.com/a/fbk.eu/uc?id=1b9fOliPy0CIIeABnHjlVlK12xlMiv8YR,862
https://drive.google.com/a/fbk.eu/uc?id=18Ve8U4OPqDkadta57Vvefl7rxa7LUsRt,863
https://drive.google.com/a/fbk.eu/uc?id=1x5cGfW4vVde16qQ00f-RrEwzTQQQ5Y0m,864
https://drive.google.com/a/fbk.eu/uc?id=1QZvfoU7wQcg87zmuYwuKJRlAIiad1HbM,865
https://drive.google.com/a/fbk.eu/uc?id=1bvTjlXlIVL4WOrfCevakxtC6LBIriDfZ,866
https://drive.google.com/a/fbk.eu/uc?id=1TaiDdl6c3oD1RzWkelIeYI_JrHorjbVJ,867
https://drive.google.com/a/fbk.eu/uc?id=1caE-HD45eBMKvU6DH0VPrwqUhOdcxu0w,868
https://drive.google.com/a/fbk.eu/uc?id=17jMiG3zkwlXyAOg6nvWn-AHLveu70MVr,869
https://drive.google.com/a/fbk.eu/uc?id=1yO1nPTXVsCM9nIpsnusijCm5yCMCAOjD,870
https://drive.google.com/a/fbk.eu/uc?id=1XrcO27jslmjz0p9MMkFDn4izgX5ox9HY,871
https://drive.google.com/a/fbk.eu/uc?id=1aQ1Fnz2ttriAbP0F4DhkXSlXtqAHIt0D,872
https://drive.google.com/a/fbk.eu/uc?id=1NvWuQKPn1kjU4eyg978LibSwpRwWNhox,873
https://drive.google.com/a/fbk.eu/uc?id=13FW81Fp-nk1YQR8KSqN6aRak5rCdMl6Z,874
https://drive.google.com/a/fbk.eu/uc?id=1maQz88K5uD1dcWv9OekNe-getJp-M-Q4,875
https://drive.google.com/a/fbk.eu/uc?id=1lzoxYmmLFJjH5mgWoxUqIvjuYMRS3-Sy,876
https://drive.google.com/a/fbk.eu/uc?id=1VfrTZ_ZBeHLQp0oEeBLkDQcnFPCB2xVu,877
https://drive.google.com/a/fbk.eu/uc?id=1uBs7AXHYjWMLFeK6FXNXxnk_Bz2kd1Dc,878
https://drive.google.com/a/fbk.eu/uc?id=1fpURAUQGExTAix1WpStaymcg1t92s-RX,879
https://drive.google.com/a/fbk.eu/uc?id=1izkvwXvyH8CSiKrxlSHRIKxPl-vBY2Zj,880
https://drive.google.com/a/fbk.eu/uc?id=1iryq2WNuZD0uP09d0okKElr_d9Pi7Mcg,881
https://drive.google.com/a/fbk.eu/uc?id=1fOVlh_-7_TAsFr_gNxK485vhPE8VFnWm,882
https://drive.google.com/a/fbk.eu/uc?id=1s5yWDsZ7PPe5qrDWoaFWun3mKDKBbRiF,883
https://drive.google.com/a/fbk.eu/uc?id=1qNikiaI70eZGAhbcr8-9oYa0OwHecMok,884
https://drive.google.com/a/fbk.eu/uc?id=1gPSq7KS7-_PGeUrVRIkcC631JQuXQ3O4,885
https://drive.google.com/a/fbk.eu/uc?id=1pFd92BoZ-ikWvQIZ0S4xmVNTTz1AXM92,886
https://drive.google.com/a/fbk.eu/uc?id=1VuwfdcrJv87yonnYaYBhhwKHhHugswTM,887
https://drive.google.com/a/fbk.eu/uc?id=1x4GTlrPtizMIdnLY20MLrvQTUItVi70-,888
https://drive.google.com/a/fbk.eu/uc?id=1ALyoqs9-le8Y1S3YNT_t5XwXtGdwIfnv,889
https://drive.google.com/a/fbk.eu/uc?id=1ZxlCrINX4VTjrrJQ90ma2lz8_Jx7lryw,890
https://drive.google.com/a/fbk.eu/uc?id=1Upzuv3euWQp3yuHw9tmqd3DxsVlvBERy,891
https://drive.google.com/a/fbk.eu/uc?id=1m1QGrWeukivQ-hM1VMLQOJgySQrDbSfT,892
https://drive.google.com/a/fbk.eu/uc?id=1ueoiSM1z_P50C9IsBKoQT2jgdAF3EIsj,893
https://drive.google.com/a/fbk.eu/uc?id=1b1jZRHjiGqMIev41HrcfWqNNs0jZRF0m,894
https://drive.google.com/a/fbk.eu/uc?id=1MQIvsaBo4zPPE2MY5IdYSbM5DE9Snzbo,895
https://drive.google.com/a/fbk.eu/uc?id=1QhxxIv9guPrrjUq4352-HxJmdieJB5VG,896
https://drive.google.com/a/fbk.eu/uc?id=1bxUkHfWfnAqkk4Suprd3ANClhQVeX2Rt,897
https://drive.google.com/a/fbk.eu/uc?id=15wZqFNiFbAZ8ni2dM7dg5zQzHVM9HGmO,898
https://drive.google.com/a/fbk.eu/uc?id=1vXYYudDJ8-OAq4WCubFcxaU_FC9gtox9,899
https://drive.google.com/a/fbk.eu/uc?id=1UBATaQ0AAl0T6c85bFR_XTid1bJMmZ-C,900
https://drive.google.com/a/fbk.eu/uc?id=1cdcxqHUpsf51_5JxNasILhcInJHLJnSJ,901
https://drive.google.com/a/fbk.eu/uc?id=1AEYheG8B9svPjfcasdVymrYnQLtMumz7,902
https://drive.google.com/a/fbk.eu/uc?id=10vLHQ1uV75IiX5qKqdevaMSHnuMau-se,903
https://drive.google.com/a/fbk.eu/uc?id=1ly2Atn5Yz1BM_rmBzRjyWx3n1ug-3z_C,904
https://drive.google.com/a/fbk.eu/uc?id=1xtl4za691u_OERIGQX3XnJ2llILAjpns,905
https://drive.google.com/a/fbk.eu/uc?id=1SZG89JhtnKG6XJIor14bqdXu5dXhNPVu,906
https://drive.google.com/a/fbk.eu/uc?id=12wMkc9W4BrNDSV-hCg2TKfxix5evefy5,907
https://drive.google.com/a/fbk.eu/uc?id=1wA34sU7snMCsZ0QW_FOPScW5QvfyXAMQ,908
https://drive.google.com/a/fbk.eu/uc?id=1oJxO1AjZEejIQQ3CH7GPD1kQ6-4O2Z15,909
https://drive.google.com/a/fbk.eu/uc?id=1mloGH60TPt3vNhh1GjhJIOr3hAXR0FNN,910
https://drive.google.com/a/fbk.eu/uc?id=1JTjuaEhRDBHParLLfDrelk0bv4kwMy2q,911
https://drive.google.com/a/fbk.eu/uc?id=1VXSX32l4zI31_8MrSxbpap4_RW6KvMAY,912
https://drive.google.com/a/fbk.eu/uc?id=1sQXsSUZ4pDmUrYGo4T38OFDfpDM7gMjV,913
https://drive.google.com/a/fbk.eu/uc?id=16VmqJmc1n-UkknzUKiwKYYbDg9o08mvE,914
https://drive.google.com/a/fbk.eu/uc?id=16iNO_CypOvKFQzHqrHHaeDi4Pmn-XIgz,915
https://drive.google.com/a/fbk.eu/uc?id=1IwmsWcOMzKA4vGCgVlYrTkwz_n-SedqN,916
https://drive.google.com/a/fbk.eu/uc?id=18U_uW8XVBeAMTFmaqWq8VbS-8R1c8FYa,917
https://drive.google.com/a/fbk.eu/uc?id=1eA47DVyI8AK7D6duyZAVON_6SXaT7wJY,918
https://drive.google.com/a/fbk.eu/uc?id=1TruAhLUaA2_SNFBAhPhJNIFCsPJyINzl,919
https://drive.google.com/a/fbk.eu/uc?id=1RL_q6lhMxIL6LrKGX2CA7xe0_e6IIaYZ,920
https://drive.google.com/a/fbk.eu/uc?id=14mZEdcRwo8SywxZD5I9a9R2kIWacxsDU,921
https://drive.google.com/a/fbk.eu/uc?id=183TnWAmS-8B3x9s-h9zXvY-0qlKlmVrI,922
https://drive.google.com/a/fbk.eu/uc?id=1UKR7mp9TW4z5HUazNbZPR3YcI_BLYMNA,923
https://drive.google.com/a/fbk.eu/uc?id=1chvBuOfP4hvb57699s5ioKvsVFQN1Sto,924
https://drive.google.com/a/fbk.eu/uc?id=1_ahCtIy_A4CtSuV3aMmVUqlV1smVwr7S,925
https://drive.google.com/a/fbk.eu/uc?id=1xxiqG55T6oGRdKTs1tTFUlhNG4dqIrWF,926
https://drive.google.com/a/fbk.eu/uc?id=1XIrqiOtG3JjheaKZT7viVaBCsGzM8giz,927
https://drive.google.com/a/fbk.eu/uc?id=1zVSZbW6NJxfnaCbiX3kIjpxqGW4hie4w,928
https://drive.google.com/a/fbk.eu/uc?id=1os5OdsBWWk3eZ6guu5evB04pfleacD8T,929
https://drive.google.com/a/fbk.eu/uc?id=1-k2eEfc0PS3u-Ub_dgHSvRgLz3sUFKzB,930
https://drive.google.com/a/fbk.eu/uc?id=1ERbt6fUoQJsD1VSXh-Nn9c15nMXAzQGx,931
https://drive.google.com/a/fbk.eu/uc?id=1ISJCX9riZInVlmv6rGgH32owNgr6ttGS,932
https://drive.google.com/a/fbk.eu/uc?id=1DMtD6HLV6iflxVDPVlXan4CGbheDUNHn,933
https://drive.google.com/a/fbk.eu/uc?id=1mM6QjDs30GlQFv9gpQ8VIdR1eFrRp9JA,934
https://drive.google.com/a/fbk.eu/uc?id=1e77q67nw8QG-w7YrvXJNrDxnnVrWdJg4,935
https://drive.google.com/a/fbk.eu/uc?id=1-aaMcjx7HawX033OT1mOLo8las8CGYMu,936
https://drive.google.com/a/fbk.eu/uc?id=1mP98UQem4YdYT8kU1aQb7AwIXKqDfF2I,937
https://drive.google.com/a/fbk.eu/uc?id=1XvmjDVYvTj7TUTDfLUrIpx-YMDi_-5Mx,938
https://drive.google.com/a/fbk.eu/uc?id=1GxMMpbtG622thGlLofMxyFE4KJaWD7bZ,939
https://drive.google.com/a/fbk.eu/uc?id=19giNhtlBIPN1qM4eZPSXuDl8R9UII80o,940
https://drive.google.com/a/fbk.eu/uc?id=11UrZAAVDZt26ix8YQ3FphXHGoypwYSoA,941
https://drive.google.com/a/fbk.eu/uc?id=1OY9h2C-eDeY9pydLVw57TOFEG4mZjf0z,942
https://drive.google.com/a/fbk.eu/uc?id=1BST6IZ8zqEF4Rk7lYuueocZRR9xPaEs7,943
https://drive.google.com/a/fbk.eu/uc?id=1_Y4U9Hk1ku1WV0ZBKlNyozY5WDclB5Mk,944
https://drive.google.com/a/fbk.eu/uc?id=1u3bEX6o4uRGcrjpnTD36EuQ94xiXt3kc,945
https://drive.google.com/a/fbk.eu/uc?id=1EEahyDzn7zstLu-84RLhsSv4tHetHcv8,946
https://drive.google.com/a/fbk.eu/uc?id=17GINt7kfo2OduyM8ELw69YYz5EOcNY1Y,947
https://drive.google.com/a/fbk.eu/uc?id=1JG5lQmpJEDqhUNYr6xVwWBN8-lhjebwp,948
https://drive.google.com/a/fbk.eu/uc?id=1UYUa2pjaVqoVhrKms36_qwvpVUDL_T5G,949
https://drive.google.com/a/fbk.eu/uc?id=1mDjNagCLyorC1A6RtUXdvq4Vaxwx5Vk6,950
https://drive.google.com/a/fbk.eu/uc?id=1yol5hw8cuouyjuoI8ZHkV8f1c7rgzVav,951
https://drive.google.com/a/fbk.eu/uc?id=1-p0op0P9Y317m9mchm9wYr_zFOE8qIZ5,952
https://drive.google.com/a/fbk.eu/uc?id=1FbJFbKDKwu9pF9SslWsVYJ6_YdPZAFmk,953
https://drive.google.com/a/fbk.eu/uc?id=1NhZyeuoZff-vLNdeMgAbXp5kAW7hQ-TZ,954
https://drive.google.com/a/fbk.eu/uc?id=1fmgT_u_zWdDJXuxHA5hWmzN8urESOFqJ,955
https://drive.google.com/a/fbk.eu/uc?id=1bpjuL-BQeLDgAdajSU1GhQuRIe7skR7z,956
https://drive.google.com/a/fbk.eu/uc?id=1Upr8BKWGK5j9EWy3pde5As7YzDropRSZ,957
https://drive.google.com/a/fbk.eu/uc?id=1ocQnWt7pGPf2FTWFkYLEnieNo4TF0q5m,958
https://drive.google.com/a/fbk.eu/uc?id=1E2i64BaGNjQUniSLHRUIZmFSN-JuVGt9,959
https://drive.google.com/a/fbk.eu/uc?id=1cW5qAX0n7eTUAXdWtksqMUyC-AyQKs8Q,960
https://drive.google.com/a/fbk.eu/uc?id=1FYtj2ppjMQpBGVJGj8wwY4gc-csuR3HE,961
https://drive.google.com/a/fbk.eu/uc?id=1JOQ3OpPpGW8aXD3tkoVIJ0oFKsFh9eqU,962
https://drive.google.com/a/fbk.eu/uc?id=1DB-k1vyJPQexuoMcF3t9ifSckPiIC37-,963
https://drive.google.com/a/fbk.eu/uc?id=1LNMXFiQAVrFM-mJBBSGhEt7aiCXLr9fy,964
https://drive.google.com/a/fbk.eu/uc?id=119aH7ZlGrooS85EbM70XQLYAid2VxFV4,965
https://drive.google.com/a/fbk.eu/uc?id=18iozwwhsvVZ-qQsPmEF38N8qPQlhI9gC,966
https://drive.google.com/a/fbk.eu/uc?id=1xZoRu081j2JmNIwivSKpRoK_rqV5yxAT,967
https://drive.google.com/a/fbk.eu/uc?id=1NLA9xTeApK06ZezZImODSjJP_AMxqkQT,968
https://drive.google.com/a/fbk.eu/uc?id=1bAq4h-oDDxcFTi6DQ8ODLu-dAKoNGkMe,969
https://drive.google.com/a/fbk.eu/uc?id=1EGAIg0il-8QTpqoz0JJfPKH3GBMa5WIn,970
https://drive.google.com/a/fbk.eu/uc?id=1cAyGXiT9v_waua8HmL-J5fvF8yUCjDqk,971
https://drive.google.com/a/fbk.eu/uc?id=15C2zZbuQIpY5i5u1iwvxpjhl9FAGIX0z,972
https://drive.google.com/a/fbk.eu/uc?id=1j48D3yxR0tYoaEj7aCqTWazoK4fRaIOq,973
https://drive.google.com/a/fbk.eu/uc?id=1RifYjfMRYGFmKQgt0Ro5p8Q3BhW6740C,974
https://drive.google.com/a/fbk.eu/uc?id=1ab5wM4AMDdYBtm1xWRTqlA8nT_4y4yMs,975
https://drive.google.com/a/fbk.eu/uc?id=1m6TJf9XTrn5Lyk14mSh7arW_HcmDP8I-,976
https://drive.google.com/a/fbk.eu/uc?id=1ziYKo6ykqp-YPNdEN47Ojz3WzimMY4ea,977
https://drive.google.com/a/fbk.eu/uc?id=1KP_2mDMjE8WoH_vxsEJncnIQYgt1GLEl,978
https://drive.google.com/a/fbk.eu/uc?id=1rZcwggSfNVWdHzm9C5JWg8fxm1VXlCiu,979
https://drive.google.com/a/fbk.eu/uc?id=123VeHu7GiUY4FCm3EUWbsuLRKeCQD9dH,980
https://drive.google.com/a/fbk.eu/uc?id=1rRZsLgN5kPFkf5YfbvAi-u-V8Kld5oGi,981
https://drive.google.com/a/fbk.eu/uc?id=1l5xkir_Ivx-anHdNl1NMxpHyn2nIQaJX,982
https://drive.google.com/a/fbk.eu/uc?id=16n5PcTZWYUeBTiBrTy-CisUVQguLE70l,983
https://drive.google.com/a/fbk.eu/uc?id=1Ipa0sNPIaTLKtxXPesYNtWr7tk1R110y,984
https://drive.google.com/a/fbk.eu/uc?id=1FlotQ1sFB5T4tAV9OrvuItVuej28w93y,985
https://drive.google.com/a/fbk.eu/uc?id=1VUDfOrlyzzJMpbW-Ew6MGEOCpJNeskvv,986
https://drive.google.com/a/fbk.eu/uc?id=1u9Jv0MYAhqcfhvhRUxz7SosyceSGzzcj,987
https://drive.google.com/a/fbk.eu/uc?id=19ASBhdWMr83hx0aWo_EuC5Q1AJsZqFJa,988
https://drive.google.com/a/fbk.eu/uc?id=1tB-5p2OpPe3h_BcSBl5IfkRfSw2Vqo_D,989
https://drive.google.com/a/fbk.eu/uc?id=1_ZJf9ACyVx52Wh69Jff_w27kmWAHXjsv,990
https://drive.google.com/a/fbk.eu/uc?id=1mK2EO5HEBz47RXU_dZ7JmuHM2Mm0GaPk,991
https://drive.google.com/a/fbk.eu/uc?id=13EafZ1opHvEuYZhG9bllZSM408D1s_ok,992
https://drive.google.com/a/fbk.eu/uc?id=1lPTDJaZjyXsz7PD2GGMFxv5zraUpsvWz,993
https://drive.google.com/a/fbk.eu/uc?id=1XkL2xLfWfzLPeBdKs2aIDM0lOBw75MJB,994
https://drive.google.com/a/fbk.eu/uc?id=10pmwjQzSS-EpX2QzO3oRjI9KCJ7Rd4k9,995
https://drive.google.com/a/fbk.eu/uc?id=15tv4G-4xt1-IZlvfNuQzP2RDvKirdZAd,996
https://drive.google.com/a/fbk.eu/uc?id=1WheaBDFBLLyqKkqLSBacF35IHLo8dJM5,997
https://drive.google.com/a/fbk.eu/uc?id=1CvZRgNtdEbfauojR8_WNmjj5a2FL8oNE,998
https://drive.google.com/a/fbk.eu/uc?id=111U0DibJvRzqBhvmIiEmGujzUIYN-o8W,999
https://drive.google.com/a/fbk.eu/uc?id=1uzdjiw20p7lHoXfJnqGnnwk94LX8XpKN,1000
https://drive.google.com/a/fbk.eu/uc?id=1bDwm0IIFT6iENvR5ckowvYfL_OMrLDxT,1001
https://drive.google.com/a/fbk.eu/uc?id=1dcqBpdUSp_n4OU-d5jCTjRzLz4FKxWp0,1002
https://drive.google.com/a/fbk.eu/uc?id=1ztyqsXQiWfeHZ_rht13qH9UH6glVY-Ya,1003
https://drive.google.com/a/fbk.eu/uc?id=1qyektZJKtGz07AWHcg2JcFDohsQDFflS,1004
https://drive.google.com/a/fbk.eu/uc?id=1GiooU4Krnr-taMz7R6_okr8D0ziDrwp0,1005
https://drive.google.com/a/fbk.eu/uc?id=1XKcSO9fNpVIobyRL122t0rVWIRX0foBG,1006
https://drive.google.com/a/fbk.eu/uc?id=1PtGIrYaga3lxTtin_kl217ANcrTfwEMN,1007
https://drive.google.com/a/fbk.eu/uc?id=1j8XRgcMaMn0ZgU1EWdNWysXYwphvAajj,1008
https://drive.google.com/a/fbk.eu/uc?id=1H6k_MbqYSXCncqzmMH2UhQN7svi1g2WJ,1009
https://drive.google.com/a/fbk.eu/uc?id=1SO9kunK-hYTIduw5tXl9evIikedmBcBm,1010
https://drive.google.com/a/fbk.eu/uc?id=1hEFYqRBOS7GqpwA2VVytO89gqOM6r5pw,1011
https://drive.google.com/a/fbk.eu/uc?id=1rtcpvNAvOsUJkUcibELaEd5jSXM748Pm,1012
https://drive.google.com/a/fbk.eu/uc?id=1cXVuT1v1BAn1lqbXZmxxQw-CRxEUhSmX,1013
https://drive.google.com/a/fbk.eu/uc?id=1s9_u30pueTNbEOmsX6DkU_u5os13tHXJ,1014
https://drive.google.com/a/fbk.eu/uc?id=1BR309A7wJZQSLoc60XKFuZgg6Sh_7TrA,1015
https://drive.google.com/a/fbk.eu/uc?id=1ZYKK1tppVmWYZuBsKMhjMq0ZwqJGCrmh,1016
https://drive.google.com/a/fbk.eu/uc?id=1NFo83r0rlcN7u-lFE0b-rtRJKtOD5tSf,1017
https://drive.google.com/a/fbk.eu/uc?id=1giY1vlna-pJecKu-U41b1PlO4L2Al_k2,1018
https://drive.google.com/a/fbk.eu/uc?id=1091vbC6xzjcSmSbNG_mKLX0yhrIjDQL1,1019
https://drive.google.com/a/fbk.eu/uc?id=1aJ_zIuQYVivhJeOVcLmdz9IRA4c5WKhS,1020
https://drive.google.com/a/fbk.eu/uc?id=1c7n4pwuk97DxF2bNrkNOcvt5qB7qiFTF,1021
https://drive.google.com/a/fbk.eu/uc?id=1Ck14Uu5GXCaAdo3qJo2n_QOV_mxLvWF6,1022
https://drive.google.com/a/fbk.eu/uc?id=1Qz7IH4uKOBTwzwVMgiWMnvY4B-F_2eWq,1023
https://drive.google.com/a/fbk.eu/uc?id=1ol5kQp-0z99-R3SxdtgUjywa0h7QjeZ9,1024
https://drive.google.com/a/fbk.eu/uc?id=1kdBKVS874b3PlTcSaxyJOLaW4KFk9b0e,1025
https://drive.google.com/a/fbk.eu/uc?id=19j-seSG5psGMIf1dt66GDqn4ZfSAHEYQ,1026
https://drive.google.com/a/fbk.eu/uc?id=1zpGxY_oOWAdp4Xj5kvXm_AAfhHBG9bjx,1027
https://drive.google.com/a/fbk.eu/uc?id=14pG2GY5tyLSNcGAVgCNq3KSe9ZdN7Z0X,1028
https://drive.google.com/a/fbk.eu/uc?id=1L-lrUs9v1H9lQysTeRcDqGcc3CQG11tN,1029
https://drive.google.com/a/fbk.eu/uc?id=1IN0_wdunEzKaoEL3IbsUkrYLBNpKakhs,1030
https://drive.google.com/a/fbk.eu/uc?id=1WuVvb-l_U05iamJogoEBNVq1OHMOZeV0,1031
https://drive.google.com/a/fbk.eu/uc?id=1rgA8hrRJBzx2AeyO5sTUmQmJu0-7Of8l,1032
https://drive.google.com/a/fbk.eu/uc?id=1u6EK0U-MzqB9zu7yNo0gYPMsS85_iTYu,1033
https://drive.google.com/a/fbk.eu/uc?id=1dx78oErivYoA0il1uzB9PpOWbXYb5wDl,1034
https://drive.google.com/a/fbk.eu/uc?id=1ZKWUX4gxE4kOX5Gh38uEaCN_b7L-9c5Z,1035
https://drive.google.com/a/fbk.eu/uc?id=16ECkVgmBY3r9scOdEfB0Of8ZO760DVo8,1036
https://drive.google.com/a/fbk.eu/uc?id=1LuhdhH3NJGzp7WSSoz_HULzLTzO3XAYU,1037
https://drive.google.com/a/fbk.eu/uc?id=1zP8EEyRMDNnm8yKLbYpFvyWmNSSYXZq9,1038
https://drive.google.com/a/fbk.eu/uc?id=1I441Ebsc4IzlIT8iOhZeEvYqIdZh_Qig,1039
https://drive.google.com/a/fbk.eu/uc?id=1K64cBfI3ZoGimo8vkz1rKsuU1dF9dzuv,1040
https://drive.google.com/a/fbk.eu/uc?id=1dMM6yjj05aRvFg_NGPaZUAhrRsGWSrT_,1041
https://drive.google.com/a/fbk.eu/uc?id=1ee3IOfvhuIQJWFixZt25zIXcHryRV1da,1042
https://drive.google.com/a/fbk.eu/uc?id=16Li7b9iZ9jaGLaIek6jrtXTH-GEvi4oq,1043
https://drive.google.com/a/fbk.eu/uc?id=1JdY-Fvm9V6mdHY5X8MGHTMWDR3X_KQGF,1044
https://drive.google.com/a/fbk.eu/uc?id=1Lc3ZzkYzzUdFjDWQc8PCDz_AqTMffK1h,1045
https://drive.google.com/a/fbk.eu/uc?id=1DnHS5Aw6aVD-br_3pPFw0O_JYiSUIZA2,1046
https://drive.google.com/a/fbk.eu/uc?id=1_a1OVEi1MsdzEiuJkMbg4cszLxin231c,1047
https://drive.google.com/a/fbk.eu/uc?id=1AhK-40Zy1baqd_FdmwFyxWfDZbhPJP6l,1048
https://drive.google.com/a/fbk.eu/uc?id=1Bnylq2HzZiaPwPB9e8_FbSKtUQFTgJ5X,1049
https://drive.google.com/a/fbk.eu/uc?id=1mV758Lk1dt8aQTvwEJFCgdiIFG79Csih,1050
https://drive.google.com/a/fbk.eu/uc?id=1s1z6zff6uA5ZUQt3uU61vLLBpl42d8J1,1051
https://drive.google.com/a/fbk.eu/uc?id=1zd0uilqlEpDAFLZybYjv0KXtIMiYqCdI,1052
https://drive.google.com/a/fbk.eu/uc?id=1ZEKeWmzLebTzgw5zPODIfP3iVN5hZIbG,1053
https://drive.google.com/a/fbk.eu/uc?id=1geaqx4UfGJ1mhKzTV9hkh8dpFYljStZz,1054
https://drive.google.com/a/fbk.eu/uc?id=1aU2wM1hujlgYcnwfb7IWJTHjeakRQX5S,1055
https://drive.google.com/a/fbk.eu/uc?id=1lRcJQUa_XTZBL6PPVJRggAPEEqGDorim,1056
https://drive.google.com/a/fbk.eu/uc?id=1868Thaw6h90M6JW_84pLcY1CiCZBBktr,1057
https://drive.google.com/a/fbk.eu/uc?id=1NYsBdLIQShCA61eRioKWUkIBsFpTHLSF,1058
https://drive.google.com/a/fbk.eu/uc?id=14lAwUpkpjjG4bKnNSwjdZKPaXCKbeeMp,1059
https://drive.google.com/a/fbk.eu/uc?id=1FGGnWy70nKh4oZWyg5aiJaioRlQktXcS,1060
https://drive.google.com/a/fbk.eu/uc?id=1v6TL2z6eIV6rR5NylVcdvbrgHzaRvSL1,1061
https://drive.google.com/a/fbk.eu/uc?id=1V6F9Pz0N5EqNnHZP6FQ-EPUMfBInGDvv,1062
https://drive.google.com/a/fbk.eu/uc?id=1bKsGBeHHuVTZDvoqNsE7toVdsXdz4233,1063
https://drive.google.com/a/fbk.eu/uc?id=184Pg6B4z-j5q65L5xgyLIPMGlj6MUMQ4,1064
https://drive.google.com/a/fbk.eu/uc?id=1dshtzWz9FNs8Cqh8gWNOZfRfmXfm106f,1065
https://drive.google.com/a/fbk.eu/uc?id=1JVgc4KLHI5AS1GkbAJShMshpo73BZQhY,1066
https://drive.google.com/a/fbk.eu/uc?id=1AyQ4_L2bGl4H043tfORtfkTx738dRUlg,1067
https://drive.google.com/a/fbk.eu/uc?id=1hASas5gFaalmUNSUFoafETS9MKXvy_Ps,1068
https://drive.google.com/a/fbk.eu/uc?id=1xCZH4VmHnCqTtndUl55VYUTVU_2R13J1,1069
https://drive.google.com/a/fbk.eu/uc?id=1BZniB_Oj_y3zys7u79Vwl1AXUTbHxjnD,1070
https://drive.google.com/a/fbk.eu/uc?id=15Z_URyxvC-pCW4h9sE8-1nxlCmbwssMF,1071
https://drive.google.com/a/fbk.eu/uc?id=1Q3p7nq4CBeqhq7wICMyRukmqKnVhfBVr,1072
https://drive.google.com/a/fbk.eu/uc?id=1kd57TIut_4t-4Zlgx3EzKp2hM0xikR8X,1073
https://drive.google.com/a/fbk.eu/uc?id=1hEB5xGHmluxf6HNg426W2j-3PssBAE90,1074
https://drive.google.com/a/fbk.eu/uc?id=1KJ_cnxPwpPTRJosg8PNgk9eK6kvgOpbS,1075
https://drive.google.com/a/fbk.eu/uc?id=1JngiQuTDIBgPRK_PuisJlg1b2RVO5Wtq,1076
https://drive.google.com/a/fbk.eu/uc?id=1P0otq45HTMpgOu0b0rmE7NXaUD7UdWoH,1077
https://drive.google.com/a/fbk.eu/uc?id=19KmEOpkfXsD-bLkiyhiFEJV5oOgBJudb,1078
https://drive.google.com/a/fbk.eu/uc?id=198FrIOZ2ZaqhB7cnQCKZ-a9D0Muu_q7O,1079
https://drive.google.com/a/fbk.eu/uc?id=1IyzDeX97gh-z4vcxaaMCnfYdIpQGOpgG,1080
https://drive.google.com/a/fbk.eu/uc?id=1z0heQrpScHTnUaNXKoV9AvlxizKFsNKs,1081
https://drive.google.com/a/fbk.eu/uc?id=1QOSrcgUauAvIZlAOyPG8hKw2W2B7GFAC,1082
https://drive.google.com/a/fbk.eu/uc?id=1RTibNkdqWgsVNGjhw8Ha9Rt1GhUMD_8A,1083
https://drive.google.com/a/fbk.eu/uc?id=1YIgw1iPQ4MooMDD1Dvzqs1YHb5-FgXy8,1084
https://drive.google.com/a/fbk.eu/uc?id=1cgmI2IklT1epFOTbjte5fYtIwoUR4MD_,1085
https://drive.google.com/a/fbk.eu/uc?id=1dYArYGcxMlMPrnKCCDLlbSA5qjmscZZB,1086
https://drive.google.com/a/fbk.eu/uc?id=1pFOUaB3DjlLE3qaNPgMBn1acaMZIyG61,1087
https://drive.google.com/a/fbk.eu/uc?id=15qC3WTrjAK_sZh32pCO7pZcsTo3m7Zs0,1088
https://drive.google.com/a/fbk.eu/uc?id=18MSdybkNyxZvDv6_MWnTqcSJBwynmiv1,1089
https://drive.google.com/a/fbk.eu/uc?id=1GZP1absBQdAOnM8glceKF8zNeWXpQLQ4,1090
https://drive.google.com/a/fbk.eu/uc?id=1rC-bbPgyLkGIfl2zs51MsMtxqiybgatJ,1091
https://drive.google.com/a/fbk.eu/uc?id=1O7Ug0J827a4EOr10kn7-UsnbCMycO7sC,1092
https://drive.google.com/a/fbk.eu/uc?id=1_ls2_8oXOomlsw44HrqJ5hVegqZ6KTZ6,1093
https://drive.google.com/a/fbk.eu/uc?id=1MArdkFo-anumGCOPQ583rmaAhGDBuoGi,1094
https://drive.google.com/a/fbk.eu/uc?id=1kr0REvMQuA_pu1-I2KOOQ2ucbfOWFD1a,1095
https://drive.google.com/a/fbk.eu/uc?id=1eU26mlBKxpm6CdGcyNst8B3sKkVkbax8,1096
https://drive.google.com/a/fbk.eu/uc?id=1S2q0ybInI1SeiIgO5zECmanD-II6FPVo,1097
https://drive.google.com/a/fbk.eu/uc?id=15X6n9nsAElfokgrE_efOoGC2dlaOyfT5,1098
https://drive.google.com/a/fbk.eu/uc?id=1sxzYCueht4N1Poe1W2en2gHeRn-xHKBJ,1099
https://drive.google.com/a/fbk.eu/uc?id=1OpOeiMp-mTOFA3olZLqlbazCRlZo7We0,1100
https://drive.google.com/a/fbk.eu/uc?id=1LYtWz08ySKxxHFIrhSMrDUrfDAvLYj7Q,1101
https://drive.google.com/a/fbk.eu/uc?id=1LK1nQHqTI6zHKN0nGYk3bdYTyEDZMiqc,1102
https://drive.google.com/a/fbk.eu/uc?id=1BYwMCkCzU83JwQSnZgq4yAmiJ0rrKPPT,1103
https://drive.google.com/a/fbk.eu/uc?id=1gvO8gCfo3zuceFEb6NOA2VZGs2lOw7MN,1104
https://drive.google.com/a/fbk.eu/uc?id=1zvSfCbJcG0p9-01_LicH5JgDbmj1xyIF,1105
https://drive.google.com/a/fbk.eu/uc?id=1P16_5I9XvycRUfXUKuPMW5R83wZPG1TN,1106
https://drive.google.com/a/fbk.eu/uc?id=1e_skNwRRqbaaXCrMnHNEANkssjd_SmVZ,1107
https://drive.google.com/a/fbk.eu/uc?id=1KuTsolsZerMxu2WcOsmFhy9oH_7rpeHe,1108
https://drive.google.com/a/fbk.eu/uc?id=1FfXBAeU4GydMzaf2-u9D1QXWgpRmofIU,1109
https://drive.google.com/a/fbk.eu/uc?id=1lxorAZg9mHF4-ELGDGzApfe7LUTFw2mk,1110
https://drive.google.com/a/fbk.eu/uc?id=1PwEJu19fY9UrCl788wFhyewqaszu8oVK,1111
https://drive.google.com/a/fbk.eu/uc?id=1uMCDH1RMUILdjR9WhF-WLrAEhkyDUYoN,1112
https://drive.google.com/a/fbk.eu/uc?id=1g40OMlOJP4WG8TPW4GF0P19MkM1jPDid,1113
https://drive.google.com/a/fbk.eu/uc?id=1CIHmlFn48sAlkPKHJE_Iey7eSBLGHiYm,1114
https://drive.google.com/a/fbk.eu/uc?id=1f3p1ojDjLkcN0zsoyH7Ekq-8nbOwKnj9,1115
https://drive.google.com/a/fbk.eu/uc?id=1LhPk2WrlJVejj3sJdhgqKO3krbhE1n0r,1116
https://drive.google.com/a/fbk.eu/uc?id=1gcUz9Wbjs-MPzeVn6KnRufBCcIy0bU9i,1117
https://drive.google.com/a/fbk.eu/uc?id=1fvNmn29mVOsKeD1erl7kU9S5sKUfrD4T,1118
https://drive.google.com/a/fbk.eu/uc?id=1wwCR5qzPhHxeDv5Vj8nNjhYYtFd6yLiH,1119
https://drive.google.com/a/fbk.eu/uc?id=1uGoAw9c5h1zFw2Ll_VlPXjWfCGsNTZpR,1120
https://drive.google.com/a/fbk.eu/uc?id=1SfSdbvR1Y67J95E2GtDo1Mwg2Jr-Swcb,1121
https://drive.google.com/a/fbk.eu/uc?id=1gfh6zBnST7-LC0JPA0o_vW1Diu61oYhb,1122
https://drive.google.com/a/fbk.eu/uc?id=1pJgwQJu-bXgb3fWOpAAodH855P89kO4q,1123
https://drive.google.com/a/fbk.eu/uc?id=1ajLNpIda0aJigmq8-5wWoMDd1CT3XIUC,1124
https://drive.google.com/a/fbk.eu/uc?id=1Kkgk1Hivgvxsxg4i2m_K5AvvVT7SLNMJ,1125
https://drive.google.com/a/fbk.eu/uc?id=1Iqpsm1q8ONGw6SXvjH3h42PiHQDOD5ub,1126
https://drive.google.com/a/fbk.eu/uc?id=1OE76MpWmgXaDfdHBEfsWa1PPjzOouuPz,1127
https://drive.google.com/a/fbk.eu/uc?id=1NCRMJLQzxBaD0yxw5YWYIW6nKX-sytcY,1128
https://drive.google.com/a/fbk.eu/uc?id=1erVNonrArr_mMKWRA84X_wT4RDWpFXHV,1129
https://drive.google.com/a/fbk.eu/uc?id=1DKBTAZRZxiH49Q-EKHgwAnNQEFhSYzXS,1130
https://drive.google.com/a/fbk.eu/uc?id=1iDrbdJ07a-epc3fkeKyEPF_fYTbk7dr4,1131
https://drive.google.com/a/fbk.eu/uc?id=1Z5g_PmVVmihxOVJsUl5WaDsoUu6WA9H9,1132
https://drive.google.com/a/fbk.eu/uc?id=1EtvtbfanqS8uvU99nNtGZtV2w-PEe2M1,1133
https://drive.google.com/a/fbk.eu/uc?id=1E0zHgGfkBvc1xG6ES3_LIUHEzFOvGmNY,1134
https://drive.google.com/a/fbk.eu/uc?id=1D-32rlQFPRNIAir7dvC0zMHXWHEx8Z0L,1135
https://drive.google.com/a/fbk.eu/uc?id=1Rla2Sa8Y9N0B4cfgz29JxetnoB6LTTVB,1136
https://drive.google.com/a/fbk.eu/uc?id=18KQ9afr3KVNiuIyU30jFRn9Q6JD2L8KD,1137
https://drive.google.com/a/fbk.eu/uc?id=1sTNwgyKqxlTsCLYQ-eMrHHQza1gO9hbR,1138
https://drive.google.com/a/fbk.eu/uc?id=1qOiq7xzb0ZMlcRec_Lqf2-r5CyLpqhow,1139
https://drive.google.com/a/fbk.eu/uc?id=1l3agew1M1bxJ6PxC_ppZweOzACRqwkxZ,1140
https://drive.google.com/a/fbk.eu/uc?id=1sFFlGdEZQyMsZ4cBthYie8qrvAfyDloc,1141
https://drive.google.com/a/fbk.eu/uc?id=1zVJylpAzLQz4gJLM2puCfU9XkKDiK4iO,1142
https://drive.google.com/a/fbk.eu/uc?id=1KIp11jaekWx7sIjzYuBqg2V6RrCQdAni,1143
https://drive.google.com/a/fbk.eu/uc?id=1M4mSzX9fewgaIUtkv5KRGXDINwsIt_hN,1144
https://drive.google.com/a/fbk.eu/uc?id=18muelZmTe6vDqk1Pqkfp9oWAqkMq-Xor,1145
https://drive.google.com/a/fbk.eu/uc?id=1uBl_H1Pef8fJoPHnWm0uJT5eaXeFpHsq,1146
https://drive.google.com/a/fbk.eu/uc?id=1CJLQPU78a2u4oI-zjYfThBEEY53Vnxga,1147
https://drive.google.com/a/fbk.eu/uc?id=1tSLA_D7zRw6wFWqKI0r9PH2XQdyIDv4y,1148
https://drive.google.com/a/fbk.eu/uc?id=1Ra3w6NZzyJzNDh1liFp1T2SPgCqcibi-,1149
https://drive.google.com/a/fbk.eu/uc?id=160ij96rTpTYqhml_nOTochqKC0GHGAPl,1150
https://drive.google.com/a/fbk.eu/uc?id=1XDidtI7xZUZM1L4bfKq65PFiu8m2ko3E,1151
https://drive.google.com/a/fbk.eu/uc?id=1WcstF2iI6e5ePgIh35Fb7hlAlDuBnd_a,1152
https://drive.google.com/a/fbk.eu/uc?id=1KlZNsC2-1j8NkrR4faBeMQeAOGZqikjn,1153
https://drive.google.com/a/fbk.eu/uc?id=1petJk7vqewYY8aK7wvS3Q83w_YXiSRam,1154
https://drive.google.com/a/fbk.eu/uc?id=1Nlt8qMH3MTpvJS-lWY7T8JOXxxpr0awy,1155
https://drive.google.com/a/fbk.eu/uc?id=1B_j_uK8__y3PXcaaAQ_CCcPt8wEt3B7h,1156
https://drive.google.com/a/fbk.eu/uc?id=19ZICBkLOGC9WdpkHkW5h8oB7iwpdKasF,1157
https://drive.google.com/a/fbk.eu/uc?id=1h8oofRyFcm2LybFFJdv963wEiArg4Tfv,1158
https://drive.google.com/a/fbk.eu/uc?id=1jIysPX_4Hd9I3Vi-k7Ft-FL00lPCKT7B,1159
https://drive.google.com/a/fbk.eu/uc?id=1yXbynNAXU9yrwb7bhCLoJoCEMuktMqGq,1160
https://drive.google.com/a/fbk.eu/uc?id=1vHbFM1D3qIunrknG2bvj6G8zu7XyRN8v,1161
https://drive.google.com/a/fbk.eu/uc?id=1zOyjCgn5OmqdUL85goDFj5vO7ax5qeQV,1162
https://drive.google.com/a/fbk.eu/uc?id=12PE14dbLUbpGMXqevdhU5ICoCVg6377e,1163
https://drive.google.com/a/fbk.eu/uc?id=1LKiG996-yyk5z58bi-fpZsN689WrwQ5N,1164
https://drive.google.com/a/fbk.eu/uc?id=1zUQgfBTi3pfs1dhyIJLWUHpKhij8x1ha,1165
https://drive.google.com/a/fbk.eu/uc?id=1mD9P1uEGXjdIWmsvNyWVE2WXMUCYE71_,1166
https://drive.google.com/a/fbk.eu/uc?id=1K1VETeOeV3YFXAgG53Brxlzo2EmQvfPZ,1167
https://drive.google.com/a/fbk.eu/uc?id=1vtaQgOt541VIjXynpvMNSK7C0C-pGgx0,1168
https://drive.google.com/a/fbk.eu/uc?id=1haxbIx1tv_H8dhLLygFj4xierq2Wkk4O,1169
https://drive.google.com/a/fbk.eu/uc?id=1gJT2p5sHQbqm2W4kyY3z4sDshitoVhTG,1170
https://drive.google.com/a/fbk.eu/uc?id=1ik7wQe58ME54OaowMtLfomGqyESSc-3T,1171
https://drive.google.com/a/fbk.eu/uc?id=1bosK9BLZwB5SacIYJJlITPH1yqFHV72r,1172
https://drive.google.com/a/fbk.eu/uc?id=1VLUZmkHep9LrQuI2Fe7MQN6uyTxtqwSU,1173
https://drive.google.com/a/fbk.eu/uc?id=1SDkAm4skZK3zV27YA5kJY8MJahLNGbPg,1174
https://drive.google.com/a/fbk.eu/uc?id=1T1IGvn_IHevug7IFqUz6OZltnfT5-883,1175
https://drive.google.com/a/fbk.eu/uc?id=1WLN6U9lc6dCwY78nOBCjkI2S-0iQVAqb,1176
https://drive.google.com/a/fbk.eu/uc?id=1UO5NAB38gBuAfzJftLyiIqMbkuRIiyCd,1177
https://drive.google.com/a/fbk.eu/uc?id=1qjS6Lv2_mj61njMys9R6luM9o1Z6VfU_,1178
https://drive.google.com/a/fbk.eu/uc?id=1AuJ4zoDsvBf2UZuAwSA0LbMcgz3XXMoG,1179
https://drive.google.com/a/fbk.eu/uc?id=16wlHy2g-cDkYoa_Oy4-fg8kZUPrrPKud,1180
https://drive.google.com/a/fbk.eu/uc?id=1ry2M1EvbLFMv5fgOV3moiYg4TaZtYj8I,1181
https://drive.google.com/a/fbk.eu/uc?id=1Xh7iacxSGQomXn-qfkKaInHXR0uO0Yo0,1182
https://drive.google.com/a/fbk.eu/uc?id=12TfKjvqeFhx-fqcS3qSjY6D7Yu0ixcN3,1183
https://drive.google.com/a/fbk.eu/uc?id=1JZJq5n3zZGwTh00TA77JpxD4G8OjbJ6X,1184
https://drive.google.com/a/fbk.eu/uc?id=11vNcjEONyN1maSyngcy3LlAuvgbOlJon,1185
https://drive.google.com/a/fbk.eu/uc?id=1JIKC70VsmNcFuOTXjjpNUZ51GUM2UJ-V,1186
https://drive.google.com/a/fbk.eu/uc?id=1vohuVrAsL2t3VKbGpjgZec7VS-AzB0Dq,1187
https://drive.google.com/a/fbk.eu/uc?id=1xiDeUUGKOKQfa4tw5TKQIxfQOY9bvXJy,1188
https://drive.google.com/a/fbk.eu/uc?id=1ipnMdLKiZ7zdHOkb0BVlbSXWFY49eD8-,1189
https://drive.google.com/a/fbk.eu/uc?id=1nkdk330zc8PHV45tDW8nWF1BGVjZfqkB,1190
https://drive.google.com/a/fbk.eu/uc?id=1QJJge9C9OeMMARVtPIzxMBKucFDib6Gz,1191
https://drive.google.com/a/fbk.eu/uc?id=1tH4-VSoRgHvXCy-IQYMZc4YqULFHHH_w,1192
https://drive.google.com/a/fbk.eu/uc?id=12n76fCfFQBixKSntwqojCUmMSIsT3ZtG,1193
https://drive.google.com/a/fbk.eu/uc?id=1onxQwkTRHYL4enbo1rbJE-MfgcnMHhlu,1194
https://drive.google.com/a/fbk.eu/uc?id=1YlaJesJ4B5jSJyNSuYhOeTm22OPrhx-1,1195
https://drive.google.com/a/fbk.eu/uc?id=17h2j4YOjIG42rOCbAX84XPBFfIpIrVfa,1196
https://drive.google.com/a/fbk.eu/uc?id=1fiqiVRDGSfvw2KCNx0HMmx5larfZ3Lxa,1197
https://drive.google.com/a/fbk.eu/uc?id=1FzCqrntSy52CBOYt2fiyxkLo_BUyvXPv,1198
https://drive.google.com/a/fbk.eu/uc?id=1xUhdE_n167TraN91CXdXYBdod0Pxt9Lb,1199
https://drive.google.com/a/fbk.eu/uc?id=1Cyqe0niH1SlsJKcj8B0dhBLDcOoquVeW,1200
https://drive.google.com/a/fbk.eu/uc?id=1O8HwAqubJ0ZjVn_wNFgFMuSEvU6Z6v22,1201
